VOLT1        ,CURR1        ,RES1         ,TIME1        ,STAT1     ,SOUR1        ,VOLT2        ,CURR2        ,RES2         ,TIME2        ,STAT2     ,SOUR2        
+0.000000E+00,-5.060000E-10,+9.910000E+37,+3.709400E-02,      1728,+0.000000E+00,+9.910000E+37,+9.910000E+37,+9.910000E+37,+9.910000E+37,         0,+9.910000E+37
+8.000000E-03,+1.340000E-10,+9.910000E+37,+4.043400E-02,      1728,+8.000000E-03,+9.910000E+37,+9.910000E+37,+9.910000E+37,+9.910000E+37,         0,+9.910000E+37
+1.600000E-02,+4.910000E-10,+9.910000E+37,+4.363100E-02,      1728,+1.600000E-02,+9.910000E+37,+9.910000E+37,+9.910000E+37,+9.910000E+37,         0,+9.910000E+37
+2.400000E-02,+1.780000E-10,+9.910000E+37,+4.688400E-02,      1728,+2.400000E-02,+9.910000E+37,+9.910000E+37,+9.910000E+37,+9.910000E+37,         0,+9.910000E+37
+3.200000E-02,-4.560000E-10,+9.910000E+37,+5.006300E-02,      1728,+3.200000E-02,+9.910000E+37,+9.910000E+37,+9.910000E+37,+9.910000E+37,         0,+9.910000E+37
+4.000000E-02,-8.000000E-10,+9.910000E+37,+5.325400E-02,      1728,+4.000000E-02,+9.910000E+37,+9.910000E+37,+9.910000E+37,+9.910000E+37,         0,+9.910000E+37
+4.800000E-02,-6.370000E-10,+9.910000E+37,+5.644600E-02,      1728,+4.800000E-02,+9.910000E+37,+9.910000E+37,+9.910000E+37,+9.910000E+37,         0,+9.910000E+37
+5.600000E-02,+5.200000E-11,+9.910000E+37,+5.964900E-02,      1728,+5.600000E-02,+9.910000E+37,+9.910000E+37,+9.910000E+37,+9.910000E+37,         0,+9.910000E+37
+6.400000E-02,+4.700000E-10,+9.910000E+37,+6.284500E-02,      1728,+6.400000E-02,+9.910000E+37,+9.910000E+37,+9.910000E+37,+9.910000E+37,         0,+9.910000E+37
+7.200000E-02,+2.960000E-10,+9.910000E+37,+6.602100E-02,      1728,+7.200000E-02,+9.910000E+37,+9.910000E+37,+9.910000E+37,+9.910000E+37,         0,+9.910000E+37
+8.000000E-02,-2.730000E-10,+9.910000E+37,+6.939100E-02,      1728,+8.000000E-02,+9.910000E+37,+9.910000E+37,+9.910000E+37,+9.910000E+37,         0,+9.910000E+37
+8.800000E-02,-8.070000E-10,+9.910000E+37,+7.267300E-02,      1728,+8.800000E-02,+9.910000E+37,+9.910000E+37,+9.910000E+37,+9.910000E+37,         0,+9.910000E+37
+9.600000E-02,-6.390000E-10,+9.910000E+37,+7.587500E-02,      1728,+9.600000E-02,+9.910000E+37,+9.910000E+37,+9.910000E+37,+9.910000E+37,         0,+9.910000E+37
+1.040000E-01,-5.700000E-11,+9.910000E+37,+7.905600E-02,      1728,+1.040000E-01,+9.910000E+37,+9.910000E+37,+9.910000E+37,+9.910000E+37,         0,+9.910000E+37
+1.120000E-01,+4.460000E-10,+9.910000E+37,+8.223200E-02,      1728,+1.120000E-01,+9.910000E+37,+9.910000E+37,+9.910000E+37,+9.910000E+37,         0,+9.910000E+37
+1.200000E-01,+5.110000E-10,+9.910000E+37,+8.542000E-02,      1728,+1.200000E-01,+9.910000E+37,+9.910000E+37,+9.910000E+37,+9.910000E+37,         0,+9.910000E+37
+1.280000E-01,-5.000000E-11,+9.910000E+37,+8.861400E-02,      1728,+1.280000E-01,+9.910000E+37,+9.910000E+37,+9.910000E+37,+9.910000E+37,         0,+9.910000E+37
+1.360000E-01,-5.800000E-10,+9.910000E+37,+9.180900E-02,      1728,+1.360000E-01,+9.910000E+37,+9.910000E+37,+9.910000E+37,+9.910000E+37,         0,+9.910000E+37
+1.440000E-01,-6.230000E-10,+9.910000E+37,+9.499300E-02,      1728,+1.440000E-01,+9.910000E+37,+9.910000E+37,+9.910000E+37,+9.910000E+37,         0,+9.910000E+37
+1.520000E-01,+4.070000E-10,+9.910000E+37,+1.005670E-01,      1728,+1.520000E-01,+9.910000E+37,+9.910000E+37,+9.910000E+37,+9.910000E+37,         0,+9.910000E+37
+1.600000E-01,+7.120000E-10,+9.910000E+37,+1.037620E-01,      1728,+1.600000E-01,+9.910000E+37,+9.910000E+37,+9.910000E+37,+9.910000E+37,         0,+9.910000E+37
+1.680000E-01,+4.930000E-10,+9.910000E+37,+1.069610E-01,      1728,+1.680000E-01,+9.910000E+37,+9.910000E+37,+9.910000E+37,+9.910000E+37,         0,+9.910000E+37
+1.760000E-01,-9.300000E-11,+9.910000E+37,+1.101350E-01,      1728,+1.760000E-01,+9.910000E+37,+9.910000E+37,+9.910000E+37,+9.910000E+37,         0,+9.910000E+37
+1.840000E-01,-3.800000E-10,+9.910000E+37,+1.133160E-01,      1728,+1.840000E-01,+9.910000E+37,+9.910000E+37,+9.910000E+37,+9.910000E+37,         0,+9.910000E+37
+1.920000E-01,-3.000000E-12,+9.910000E+37,+1.165130E-01,      1728,+1.920000E-01,+9.910000E+37,+9.910000E+37,+9.910000E+37,+9.910000E+37,         0,+9.910000E+37
+2.000000E-01,+7.720000E-10,+9.910000E+37,+1.199560E-01,      1728,+2.000000E-01,+9.910000E+37,+9.910000E+37,+9.910000E+37,+9.910000E+37,         0,+9.910000E+37
+2.080000E-01,+1.393000E-09,+9.910000E+37,+1.231850E-01,      1728,+2.080000E-01,+9.910000E+37,+9.910000E+37,+9.910000E+37,+9.910000E+37,         0,+9.910000E+37
+2.160000E-01,+1.302000E-09,+9.910000E+37,+1.263620E-01,      1728,+2.160000E-01,+9.910000E+37,+9.910000E+37,+9.910000E+37,+9.910000E+37,         0,+9.910000E+37
+2.240000E-01,+9.290000E-10,+9.910000E+37,+1.295500E-01,      1728,+2.240000E-01,+9.910000E+37,+9.910000E+37,+9.910000E+37,+9.910000E+37,         0,+9.910000E+37
+2.320000E-01,+7.920000E-10,+9.910000E+37,+1.327420E-01,      1728,+2.320000E-01,+9.910000E+37,+9.910000E+37,+9.910000E+37,+9.910000E+37,         0,+9.910000E+37
+2.400000E-01,+1.279000E-09,+9.910000E+37,+1.359370E-01,      1728,+2.400000E-01,+9.910000E+37,+9.910000E+37,+9.910000E+37,+9.910000E+37,         0,+9.910000E+37
+2.480000E-01,+2.340000E-09,+9.910000E+37,+1.391240E-01,      1728,+2.480000E-01,+9.910000E+37,+9.910000E+37,+9.910000E+37,+9.910000E+37,         0,+9.910000E+37
+2.560000E-01,+3.423000E-09,+9.910000E+37,+1.422970E-01,      1728,+2.560000E-01,+9.910000E+37,+9.910000E+37,+9.910000E+37,+9.910000E+37,         0,+9.910000E+37
+2.640000E-01,+3.974000E-09,+9.910000E+37,+1.454870E-01,      1728,+2.640000E-01,+9.910000E+37,+9.910000E+37,+9.910000E+37,+9.910000E+37,         0,+9.910000E+37
+2.720000E-01,+4.365000E-09,+9.910000E+37,+1.486780E-01,      1728,+2.720000E-01,+9.910000E+37,+9.910000E+37,+9.910000E+37,+9.910000E+37,         0,+9.910000E+37
+2.800000E-01,+4.793000E-09,+9.910000E+37,+1.518650E-01,      1728,+2.800000E-01,+9.910000E+37,+9.910000E+37,+9.910000E+37,+9.910000E+37,         0,+9.910000E+37
+2.880000E-01,+6.017000E-09,+9.910000E+37,+1.550730E-01,      1728,+2.880000E-01,+9.910000E+37,+9.910000E+37,+9.910000E+37,+9.910000E+37,         0,+9.910000E+37
+2.960000E-01,+8.054000E-09,+9.910000E+37,+1.582480E-01,      1728,+2.960000E-01,+9.910000E+37,+9.910000E+37,+9.910000E+37,+9.910000E+37,         0,+9.910000E+37
+3.040000E-01,+1.053100E-08,+9.910000E+37,+1.614270E-01,      1728,+3.040000E-01,+9.910000E+37,+9.910000E+37,+9.910000E+37,+9.910000E+37,         0,+9.910000E+37
+3.120000E-01,+1.299200E-08,+9.910000E+37,+1.646190E-01,      1728,+3.120000E-01,+9.910000E+37,+9.910000E+37,+9.910000E+37,+9.910000E+37,         0,+9.910000E+37
+3.200000E-01,+1.536600E-08,+9.910000E+37,+1.678060E-01,      1728,+3.200000E-01,+9.910000E+37,+9.910000E+37,+9.910000E+37,+9.910000E+37,         0,+9.910000E+37
+3.280000E-01,+1.822900E-08,+9.910000E+37,+1.709970E-01,      1728,+3.280000E-01,+9.910000E+37,+9.910000E+37,+9.910000E+37,+9.910000E+37,         0,+9.910000E+37
+3.360000E-01,+2.237100E-08,+9.910000E+37,+1.742440E-01,      1728,+3.360000E-01,+9.910000E+37,+9.910000E+37,+9.910000E+37,+9.910000E+37,         0,+9.910000E+37
+3.440000E-01,+2.797600E-08,+9.910000E+37,+1.774200E-01,      1728,+3.440000E-01,+9.910000E+37,+9.910000E+37,+9.910000E+37,+9.910000E+37,         0,+9.910000E+37
+3.520000E-01,+3.514300E-08,+9.910000E+37,+1.806140E-01,      1728,+3.520000E-01,+9.910000E+37,+9.910000E+37,+9.910000E+37,+9.910000E+37,         0,+9.910000E+37
+3.600000E-01,+4.333300E-08,+9.910000E+37,+1.838010E-01,      1728,+3.600000E-01,+9.910000E+37,+9.910000E+37,+9.910000E+37,+9.910000E+37,         0,+9.910000E+37
+3.680000E-01,+5.274300E-08,+9.910000E+37,+1.869890E-01,      1728,+3.680000E-01,+9.910000E+37,+9.910000E+37,+9.910000E+37,+9.910000E+37,         0,+9.910000E+37
+3.760000E-01,+6.412900E-08,+9.910000E+37,+1.901840E-01,      1728,+3.760000E-01,+9.910000E+37,+9.910000E+37,+9.910000E+37,+9.910000E+37,         0,+9.910000E+37
+3.840000E-01,+7.839600E-08,+9.910000E+37,+1.933540E-01,      1728,+3.840000E-01,+9.910000E+37,+9.910000E+37,+9.910000E+37,+9.910000E+37,         0,+9.910000E+37
+3.920000E-01,+9.669000E-08,+9.910000E+37,+1.965220E-01,      1728,+3.920000E-01,+9.910000E+37,+9.910000E+37,+9.910000E+37,+9.910000E+37,         0,+9.910000E+37
+4.000000E-01,+1.193660E-07,+9.910000E+37,+1.997140E-01,      1728,+4.000000E-01,+9.910000E+37,+9.910000E+37,+9.910000E+37,+9.910000E+37,         0,+9.910000E+37
+4.080000E-01,+1.468620E-07,+9.910000E+37,+2.029050E-01,      1728,+4.080000E-01,+9.910000E+37,+9.910000E+37,+9.910000E+37,+9.910000E+37,         0,+9.910000E+37
+4.160000E-01,+1.800230E-07,+9.910000E+37,+2.060940E-01,      1728,+4.160000E-01,+9.910000E+37,+9.910000E+37,+9.910000E+37,+9.910000E+37,         0,+9.910000E+37
+4.240000E-01,+2.202130E-07,+9.910000E+37,+2.092670E-01,      1728,+4.240000E-01,+9.910000E+37,+9.910000E+37,+9.910000E+37,+9.910000E+37,         0,+9.910000E+37
+4.320000E-01,+2.698340E-07,+9.910000E+37,+2.124320E-01,      1728,+4.320000E-01,+9.910000E+37,+9.910000E+37,+9.910000E+37,+9.910000E+37,         0,+9.910000E+37
+4.400000E-01,+3.312850E-07,+9.910000E+37,+2.156080E-01,      1728,+4.400000E-01,+9.910000E+37,+9.910000E+37,+9.910000E+37,+9.910000E+37,         0,+9.910000E+37
+4.480000E-01,+4.071660E-07,+9.910000E+37,+2.187950E-01,      1728,+4.480000E-01,+9.910000E+37,+9.910000E+37,+9.910000E+37,+9.910000E+37,         0,+9.910000E+37
+4.560000E-01,+5.003900E-07,+9.910000E+37,+2.219790E-01,      1728,+4.560000E-01,+9.910000E+37,+9.910000E+37,+9.910000E+37,+9.910000E+37,         0,+9.910000E+37
+4.640000E-01,+6.140310E-07,+9.910000E+37,+2.251680E-01,      1728,+4.640000E-01,+9.910000E+37,+9.910000E+37,+9.910000E+37,+9.910000E+37,         0,+9.910000E+37
+4.720000E-01,+7.525960E-07,+9.910000E+37,+2.283510E-01,      1728,+4.720000E-01,+9.910000E+37,+9.910000E+37,+9.910000E+37,+9.910000E+37,         0,+9.910000E+37
+4.800000E-01,+9.223390E-07,+9.910000E+37,+2.315220E-01,      1728,+4.800000E-01,+9.910000E+37,+9.910000E+37,+9.910000E+37,+9.910000E+37,         0,+9.910000E+37
+4.880000E-01,+1.130610E-06,+9.910000E+37,+2.361270E-01,      2240,+4.880000E-01,+9.910000E+37,+9.910000E+37,+9.910000E+37,+9.910000E+37,         0,+9.910000E+37
+4.960000E-01,+1.387770E-06,+9.910000E+37,+2.402460E-01,      2240,+4.960000E-01,+9.910000E+37,+9.910000E+37,+9.910000E+37,+9.910000E+37,         0,+9.910000E+37
+5.040000E-01,+1.703080E-06,+9.910000E+37,+2.443650E-01,      2240,+5.040000E-01,+9.910000E+37,+9.910000E+37,+9.910000E+37,+9.910000E+37,         0,+9.910000E+37
+5.120000E-01,+2.087840E-06,+9.910000E+37,+2.484800E-01,      2240,+5.120000E-01,+9.910000E+37,+9.910000E+37,+9.910000E+37,+9.910000E+37,         0,+9.910000E+37
+5.200000E-01,+2.560280E-06,+9.910000E+37,+2.526030E-01,      2240,+5.200000E-01,+9.910000E+37,+9.910000E+37,+9.910000E+37,+9.910000E+37,         0,+9.910000E+37
+5.280000E-01,+3.139780E-06,+9.910000E+37,+2.567180E-01,      2240,+5.280000E-01,+9.910000E+37,+9.910000E+37,+9.910000E+37,+9.910000E+37,         0,+9.910000E+37
+5.360000E-01,+3.847750E-06,+9.910000E+37,+2.608280E-01,      2240,+5.360000E-01,+9.910000E+37,+9.910000E+37,+9.910000E+37,+9.910000E+37,         0,+9.910000E+37
+5.440000E-01,+4.718300E-06,+9.910000E+37,+2.649440E-01,      2240,+5.440000E-01,+9.910000E+37,+9.910000E+37,+9.910000E+37,+9.910000E+37,         0,+9.910000E+37
+5.520000E-01,+5.779450E-06,+9.910000E+37,+2.690600E-01,      2240,+5.520000E-01,+9.910000E+37,+9.910000E+37,+9.910000E+37,+9.910000E+37,         0,+9.910000E+37
+5.600000E-01,+7.079810E-06,+9.910000E+37,+2.731680E-01,      2240,+5.600000E-01,+9.910000E+37,+9.910000E+37,+9.910000E+37,+9.910000E+37,         0,+9.910000E+37
+5.680000E-01,+8.678800E-06,+9.910000E+37,+2.772890E-01,      2240,+5.680000E-01,+9.910000E+37,+9.910000E+37,+9.910000E+37,+9.910000E+37,         0,+9.910000E+37
+5.760000E-01,+1.061540E-05,+9.910000E+37,+2.828040E-01,      2752,+5.760000E-01,+9.910000E+37,+9.910000E+37,+9.910000E+37,+9.910000E+37,         0,+9.910000E+37
+5.840000E-01,+1.299100E-05,+9.910000E+37,+2.869140E-01,      2752,+5.840000E-01,+9.910000E+37,+9.910000E+37,+9.910000E+37,+9.910000E+37,         0,+9.910000E+37
+5.920000E-01,+1.588270E-05,+9.910000E+37,+2.910260E-01,      2752,+5.920000E-01,+9.910000E+37,+9.910000E+37,+9.910000E+37,+9.910000E+37,         0,+9.910000E+37
+6.000000E-01,+1.942010E-05,+9.910000E+37,+2.951350E-01,      2752,+6.000000E-01,+9.910000E+37,+9.910000E+37,+9.910000E+37,+9.910000E+37,         0,+9.910000E+37
+6.079900E-01,+2.371260E-05,+9.910000E+37,+2.992470E-01,      2752,+6.080000E-01,+9.910000E+37,+9.910000E+37,+9.910000E+37,+9.910000E+37,         0,+9.910000E+37
+6.160000E-01,+2.896290E-05,+9.910000E+37,+3.033870E-01,      2752,+6.160000E-01,+9.910000E+37,+9.910000E+37,+9.910000E+37,+9.910000E+37,         0,+9.910000E+37
+6.240000E-01,+3.529680E-05,+9.910000E+37,+3.075090E-01,      2752,+6.240000E-01,+9.910000E+37,+9.910000E+37,+9.910000E+37,+9.910000E+37,         0,+9.910000E+37
+6.320000E-01,+4.300030E-05,+9.910000E+37,+3.116220E-01,      2752,+6.320000E-01,+9.910000E+37,+9.910000E+37,+9.910000E+37,+9.910000E+37,         0,+9.910000E+37
+6.399900E-01,+5.231440E-05,+9.910000E+37,+3.157500E-01,      2752,+6.400000E-01,+9.910000E+37,+9.910000E+37,+9.910000E+37,+9.910000E+37,         0,+9.910000E+37
+6.479900E-01,+6.352320E-05,+9.910000E+37,+3.198740E-01,      2752,+6.480000E-01,+9.910000E+37,+9.910000E+37,+9.910000E+37,+9.910000E+37,         0,+9.910000E+37
+6.559900E-01,+7.703420E-05,+9.910000E+37,+3.239860E-01,      2752,+6.560000E-01,+9.910000E+37,+9.910000E+37,+9.910000E+37,+9.910000E+37,         0,+9.910000E+37
+6.639700E-01,+9.313790E-05,+9.910000E+37,+3.281030E-01,      2752,+6.640000E-01,+9.910000E+37,+9.910000E+37,+9.910000E+37,+9.910000E+37,         0,+9.910000E+37
+6.720000E-01,+1.123380E-04,+9.910000E+37,+3.343520E-01,      3264,+6.720000E-01,+9.910000E+37,+9.910000E+37,+9.910000E+37,+9.910000E+37,         0,+9.910000E+37
+6.800000E-01,+1.351660E-04,+9.910000E+37,+3.384760E-01,      3264,+6.800000E-01,+9.910000E+37,+9.910000E+37,+9.910000E+37,+9.910000E+37,         0,+9.910000E+37
+6.880000E-01,+1.621970E-04,+9.910000E+37,+3.426040E-01,      3264,+6.880000E-01,+9.910000E+37,+9.910000E+37,+9.910000E+37,+9.910000E+37,         0,+9.910000E+37
+6.960000E-01,+1.938900E-04,+9.910000E+37,+3.467290E-01,      3264,+6.960000E-01,+9.910000E+37,+9.910000E+37,+9.910000E+37,+9.910000E+37,         0,+9.910000E+37
+7.040000E-01,+2.307250E-04,+9.910000E+37,+3.508770E-01,      3264,+7.040000E-01,+9.910000E+37,+9.910000E+37,+9.910000E+37,+9.910000E+37,         0,+9.910000E+37
+7.120000E-01,+2.732700E-04,+9.910000E+37,+3.550020E-01,      3264,+7.120000E-01,+9.910000E+37,+9.910000E+37,+9.910000E+37,+9.910000E+37,         0,+9.910000E+37
+7.200000E-01,+3.220880E-04,+9.910000E+37,+3.591250E-01,      3264,+7.200000E-01,+9.910000E+37,+9.910000E+37,+9.910000E+37,+9.910000E+37,         0,+9.910000E+37
+7.280000E-01,+3.776490E-04,+9.910000E+37,+3.633360E-01,      3264,+7.280000E-01,+9.910000E+37,+9.910000E+37,+9.910000E+37,+9.910000E+37,         0,+9.910000E+37
+7.360000E-01,+4.404260E-04,+9.910000E+37,+3.674520E-01,      3264,+7.360000E-01,+9.910000E+37,+9.910000E+37,+9.910000E+37,+9.910000E+37,         0,+9.910000E+37
+7.440000E-01,+5.107280E-04,+9.910000E+37,+3.715810E-01,      3264,+7.440000E-01,+9.910000E+37,+9.910000E+37,+9.910000E+37,+9.910000E+37,         0,+9.910000E+37
+7.520000E-01,+5.886980E-04,+9.910000E+37,+3.757800E-01,      3264,+7.520000E-01,+9.910000E+37,+9.910000E+37,+9.910000E+37,+9.910000E+37,         0,+9.910000E+37
+7.600000E-01,+6.748220E-04,+9.910000E+37,+3.798960E-01,      3264,+7.600000E-01,+9.910000E+37,+9.910000E+37,+9.910000E+37,+9.910000E+37,         0,+9.910000E+37
+7.680000E-01,+7.685610E-04,+9.910000E+37,+3.840340E-01,      3264,+7.680000E-01,+9.910000E+37,+9.910000E+37,+9.910000E+37,+9.910000E+37,         0,+9.910000E+37
+7.760000E-01,+8.699970E-04,+9.910000E+37,+3.881620E-01,      3264,+7.760000E-01,+9.910000E+37,+9.910000E+37,+9.910000E+37,+9.910000E+37,         0,+9.910000E+37
+7.840000E-01,+9.796480E-04,+9.910000E+37,+3.922800E-01,      3264,+7.840000E-01,+9.910000E+37,+9.910000E+37,+9.910000E+37,+9.910000E+37,         0,+9.910000E+37
+7.920000E-01,+1.096020E-03,+9.910000E+37,+3.975700E-01,      3776,+7.920000E-01,+9.910000E+37,+9.910000E+37,+9.910000E+37,+9.910000E+37,         0,+9.910000E+37
+8.000000E-01,+1.220190E-03,+9.910000E+37,+4.017110E-01,      3776,+8.000000E-01,+9.910000E+37,+9.910000E+37,+9.910000E+37,+9.910000E+37,         0,+9.910000E+37
+8.080000E-01,+1.351110E-03,+9.910000E+37,+4.059520E-01,      3776,+8.080000E-01,+9.910000E+37,+9.910000E+37,+9.910000E+37,+9.910000E+37,         0,+9.910000E+37
+8.160000E-01,+1.488930E-03,+9.910000E+37,+4.100900E-01,      3776,+8.160000E-01,+9.910000E+37,+9.910000E+37,+9.910000E+37,+9.910000E+37,         0,+9.910000E+37
+8.240000E-01,+1.633190E-03,+9.910000E+37,+4.142160E-01,      3776,+8.240000E-01,+9.910000E+37,+9.910000E+37,+9.910000E+37,+9.910000E+37,         0,+9.910000E+37
+8.319900E-01,+1.783400E-03,+9.910000E+37,+4.183430E-01,      3776,+8.320000E-01,+9.910000E+37,+9.910000E+37,+9.910000E+37,+9.910000E+37,         0,+9.910000E+37
+8.400000E-01,+1.940100E-03,+9.910000E+37,+4.224590E-01,      3776,+8.400000E-01,+9.910000E+37,+9.910000E+37,+9.910000E+37,+9.910000E+37,         0,+9.910000E+37
+8.480000E-01,+2.100980E-03,+9.910000E+37,+4.265800E-01,      3776,+8.480000E-01,+9.910000E+37,+9.910000E+37,+9.910000E+37,+9.910000E+37,         0,+9.910000E+37
+8.560000E-01,+2.267330E-03,+9.910000E+37,+4.307150E-01,      3776,+8.560000E-01,+9.910000E+37,+9.910000E+37,+9.910000E+37,+9.910000E+37,         0,+9.910000E+37
+8.640000E-01,+2.438400E-03,+9.910000E+37,+4.348460E-01,      3776,+8.640000E-01,+9.910000E+37,+9.910000E+37,+9.910000E+37,+9.910000E+37,         0,+9.910000E+37
+8.720000E-01,+2.614010E-03,+9.910000E+37,+4.389760E-01,      3776,+8.720000E-01,+9.910000E+37,+9.910000E+37,+9.910000E+37,+9.910000E+37,         0,+9.910000E+37
+8.800000E-01,+2.793950E-03,+9.910000E+37,+4.431000E-01,      3776,+8.800000E-01,+9.910000E+37,+9.910000E+37,+9.910000E+37,+9.910000E+37,         0,+9.910000E+37
+8.880000E-01,+2.977870E-03,+9.910000E+37,+4.472280E-01,      3776,+8.880000E-01,+9.910000E+37,+9.910000E+37,+9.910000E+37,+9.910000E+37,         0,+9.910000E+37
+8.960000E-01,+3.165230E-03,+9.910000E+37,+4.513520E-01,      3776,+8.960000E-01,+9.910000E+37,+9.910000E+37,+9.910000E+37,+9.910000E+37,         0,+9.910000E+37
+9.040000E-01,+3.356270E-03,+9.910000E+37,+4.554820E-01,      3776,+9.040000E-01,+9.910000E+37,+9.910000E+37,+9.910000E+37,+9.910000E+37,         0,+9.910000E+37
+9.120000E-01,+3.551110E-03,+9.910000E+37,+4.596100E-01,      3776,+9.120000E-01,+9.910000E+37,+9.910000E+37,+9.910000E+37,+9.910000E+37,         0,+9.910000E+37
+9.199900E-01,+3.747520E-03,+9.910000E+37,+4.637400E-01,      3776,+9.200000E-01,+9.910000E+37,+9.910000E+37,+9.910000E+37,+9.910000E+37,         0,+9.910000E+37
+9.280000E-01,+3.949760E-03,+9.910000E+37,+4.678750E-01,      3776,+9.280000E-01,+9.910000E+37,+9.910000E+37,+9.910000E+37,+9.910000E+37,         0,+9.910000E+37
+9.360000E-01,+4.153070E-03,+9.910000E+37,+4.720040E-01,      3776,+9.360000E-01,+9.910000E+37,+9.910000E+37,+9.910000E+37,+9.910000E+37,         0,+9.910000E+37
+9.439900E-01,+4.359130E-03,+9.910000E+37,+4.761250E-01,      3776,+9.440000E-01,+9.910000E+37,+9.910000E+37,+9.910000E+37,+9.910000E+37,         0,+9.910000E+37
+9.520000E-01,+4.566980E-03,+9.910000E+37,+4.802620E-01,      3776,+9.520000E-01,+9.910000E+37,+9.910000E+37,+9.910000E+37,+9.910000E+37,         0,+9.910000E+37
+9.600000E-01,+4.778630E-03,+9.910000E+37,+4.844020E-01,      3776,+9.600000E-01,+9.910000E+37,+9.910000E+37,+9.910000E+37,+9.910000E+37,         0,+9.910000E+37
+9.680000E-01,+4.991450E-03,+9.910000E+37,+4.885280E-01,      3776,+9.680000E-01,+9.910000E+37,+9.910000E+37,+9.910000E+37,+9.910000E+37,         0,+9.910000E+37
+9.760000E-01,+5.207640E-03,+9.910000E+37,+4.926530E-01,      3776,+9.760000E-01,+9.910000E+37,+9.910000E+37,+9.910000E+37,+9.910000E+37,         0,+9.910000E+37
+9.840000E-01,+5.425700E-03,+9.910000E+37,+4.967800E-01,      3776,+9.840000E-01,+9.910000E+37,+9.910000E+37,+9.910000E+37,+9.910000E+37,         0,+9.910000E+37
+9.920000E-01,+5.645890E-03,+9.910000E+37,+5.009030E-01,      3776,+9.920000E-01,+9.910000E+37,+9.910000E+37,+9.910000E+37,+9.910000E+37,         0,+9.910000E+37
+1.000000E+00,+5.867150E-03,+9.910000E+37,+5.050490E-01,      3776,+1.000000E+00,+9.910000E+37,+9.910000E+37,+9.910000E+37,+9.910000E+37,         0,+9.910000E+37
+1.008000E+00,+6.090740E-03,+9.910000E+37,+5.092500E-01,      3776,+1.008000E+00,+9.910000E+37,+9.910000E+37,+9.910000E+37,+9.910000E+37,         0,+9.910000E+37
+1.016000E+00,+6.315580E-03,+9.910000E+37,+5.133850E-01,      3776,+1.016000E+00,+9.910000E+37,+9.910000E+37,+9.910000E+37,+9.910000E+37,         0,+9.910000E+37
+1.023990E+00,+6.544030E-03,+9.910000E+37,+5.175240E-01,      3776,+1.024000E+00,+9.910000E+37,+9.910000E+37,+9.910000E+37,+9.910000E+37,         0,+9.910000E+37
+1.031990E+00,+6.771590E-03,+9.910000E+37,+5.217750E-01,      3776,+1.032000E+00,+9.910000E+37,+9.910000E+37,+9.910000E+37,+9.910000E+37,         0,+9.910000E+37
+1.040000E+00,+7.004830E-03,+9.910000E+37,+5.259250E-01,      3776,+1.040000E+00,+9.910000E+37,+9.910000E+37,+9.910000E+37,+9.910000E+37,         0,+9.910000E+37
+1.048000E+00,+7.237390E-03,+9.910000E+37,+5.300510E-01,      3776,+1.048000E+00,+9.910000E+37,+9.910000E+37,+9.910000E+37,+9.910000E+37,         0,+9.910000E+37
+1.056000E+00,+7.470270E-03,+9.910000E+37,+5.341640E-01,      3776,+1.056000E+00,+9.910000E+37,+9.910000E+37,+9.910000E+37,+9.910000E+37,         0,+9.910000E+37
+1.064000E+00,+7.706180E-03,+9.910000E+37,+5.382900E-01,      3776,+1.064000E+00,+9.910000E+37,+9.910000E+37,+9.910000E+37,+9.910000E+37,         0,+9.910000E+37
+1.072000E+00,+7.945310E-03,+9.910000E+37,+5.424620E-01,      3776,+1.072000E+00,+9.910000E+37,+9.910000E+37,+9.910000E+37,+9.910000E+37,         0,+9.910000E+37
+1.080000E+00,+8.184560E-03,+9.910000E+37,+5.772750E-01,      3776,+1.080000E+00,+9.910000E+37,+9.910000E+37,+9.910000E+37,+9.910000E+37,         0,+9.910000E+37
+1.088000E+00,+8.423710E-03,+9.910000E+37,+5.814390E-01,      3776,+1.088000E+00,+9.910000E+37,+9.910000E+37,+9.910000E+37,+9.910000E+37,         0,+9.910000E+37
+1.096000E+00,+8.664260E-03,+9.910000E+37,+5.855690E-01,      3776,+1.096000E+00,+9.910000E+37,+9.910000E+37,+9.910000E+37,+9.910000E+37,         0,+9.910000E+37
+1.104000E+00,+8.905940E-03,+9.910000E+37,+5.897040E-01,      3776,+1.104000E+00,+9.910000E+37,+9.910000E+37,+9.910000E+37,+9.910000E+37,         0,+9.910000E+37
+1.112000E+00,+9.150990E-03,+9.910000E+37,+5.938350E-01,      3776,+1.112000E+00,+9.910000E+37,+9.910000E+37,+9.910000E+37,+9.910000E+37,         0,+9.910000E+37
+1.120000E+00,+9.398950E-03,+9.910000E+37,+5.979630E-01,      3776,+1.120000E+00,+9.910000E+37,+9.910000E+37,+9.910000E+37,+9.910000E+37,         0,+9.910000E+37
+1.128000E+00,+9.645580E-03,+9.910000E+37,+6.020910E-01,      3776,+1.128000E+00,+9.910000E+37,+9.910000E+37,+9.910000E+37,+9.910000E+37,         0,+9.910000E+37
+1.136000E+00,+9.892380E-03,+9.910000E+37,+6.062290E-01,      3776,+1.136000E+00,+9.910000E+37,+9.910000E+37,+9.910000E+37,+9.910000E+37,         0,+9.910000E+37
+1.144000E+00,+1.014310E-02,+9.910000E+37,+6.103590E-01,      3776,+1.144000E+00,+9.910000E+37,+9.910000E+37,+9.910000E+37,+9.910000E+37,         0,+9.910000E+37
+1.152000E+00,+1.039428E-02,+9.910000E+37,+6.144820E-01,      3776,+1.152000E+00,+9.910000E+37,+9.910000E+37,+9.910000E+37,+9.910000E+37,         0,+9.910000E+37
+1.160000E+00,+1.063590E-02,+9.910000E+37,+6.208830E-01,      4288,+1.160000E+00,+9.910000E+37,+9.910000E+37,+9.910000E+37,+9.910000E+37,         0,+9.910000E+37
+1.168000E+00,+1.088710E-02,+9.910000E+37,+6.250350E-01,      4288,+1.168000E+00,+9.910000E+37,+9.910000E+37,+9.910000E+37,+9.910000E+37,         0,+9.910000E+37
+1.176000E+00,+1.114060E-02,+9.910000E+37,+6.291620E-01,      4288,+1.176000E+00,+9.910000E+37,+9.910000E+37,+9.910000E+37,+9.910000E+37,         0,+9.910000E+37
+1.184000E+00,+1.139830E-02,+9.910000E+37,+6.332870E-01,      4288,+1.184000E+00,+9.910000E+37,+9.910000E+37,+9.910000E+37,+9.910000E+37,         0,+9.910000E+37
+1.192000E+00,+1.165300E-02,+9.910000E+37,+6.374110E-01,      4288,+1.192000E+00,+9.910000E+37,+9.910000E+37,+9.910000E+37,+9.910000E+37,         0,+9.910000E+37
+1.200000E+00,+1.191180E-02,+9.910000E+37,+6.415400E-01,      4288,+1.200000E+00,+9.910000E+37,+9.910000E+37,+9.910000E+37,+9.910000E+37,         0,+9.910000E+37
+1.208000E+00,+1.217050E-02,+9.910000E+37,+6.456620E-01,      4288,+1.208000E+00,+9.910000E+37,+9.910000E+37,+9.910000E+37,+9.910000E+37,         0,+9.910000E+37
+1.215990E+00,+1.243030E-02,+9.910000E+37,+6.497990E-01,      4288,+1.216000E+00,+9.910000E+37,+9.910000E+37,+9.910000E+37,+9.910000E+37,         0,+9.910000E+37
+1.224000E+00,+1.269000E-02,+9.910000E+37,+6.539390E-01,      4288,+1.224000E+00,+9.910000E+37,+9.910000E+37,+9.910000E+37,+9.910000E+37,         0,+9.910000E+37
+1.232000E+00,+1.294940E-02,+9.910000E+37,+6.580650E-01,      4288,+1.232000E+00,+9.910000E+37,+9.910000E+37,+9.910000E+37,+9.910000E+37,         0,+9.910000E+37
+1.240000E+00,+1.321370E-02,+9.910000E+37,+6.621960E-01,      4288,+1.240000E+00,+9.910000E+37,+9.910000E+37,+9.910000E+37,+9.910000E+37,         0,+9.910000E+37
+1.248000E+00,+1.347590E-02,+9.910000E+37,+6.663190E-01,      4288,+1.248000E+00,+9.910000E+37,+9.910000E+37,+9.910000E+37,+9.910000E+37,         0,+9.910000E+37
+1.256000E+00,+1.374370E-02,+9.910000E+37,+6.704350E-01,      4288,+1.256000E+00,+9.910000E+37,+9.910000E+37,+9.910000E+37,+9.910000E+37,         0,+9.910000E+37
+1.264000E+00,+1.400600E-02,+9.910000E+37,+6.745670E-01,      4288,+1.264000E+00,+9.910000E+37,+9.910000E+37,+9.910000E+37,+9.910000E+37,         0,+9.910000E+37
+1.272000E+00,+1.427630E-02,+9.910000E+37,+6.787020E-01,      4288,+1.272000E+00,+9.910000E+37,+9.910000E+37,+9.910000E+37,+9.910000E+37,         0,+9.910000E+37
+1.280000E+00,+1.454400E-02,+9.910000E+37,+6.828340E-01,      4288,+1.280000E+00,+9.910000E+37,+9.910000E+37,+9.910000E+37,+9.910000E+37,         0,+9.910000E+37
+1.288000E+00,+1.481460E-02,+9.910000E+37,+6.869720E-01,      4288,+1.288000E+00,+9.910000E+37,+9.910000E+37,+9.910000E+37,+9.910000E+37,         0,+9.910000E+37
+1.296000E+00,+1.508140E-02,+9.910000E+37,+6.911140E-01,      4288,+1.296000E+00,+9.910000E+37,+9.910000E+37,+9.910000E+37,+9.910000E+37,         0,+9.910000E+37
+1.304000E+00,+1.534640E-02,+9.910000E+37,+6.952530E-01,      4288,+1.304000E+00,+9.910000E+37,+9.910000E+37,+9.910000E+37,+9.910000E+37,         0,+9.910000E+37
+1.312000E+00,+1.561560E-02,+9.910000E+37,+6.993860E-01,      4288,+1.312000E+00,+9.910000E+37,+9.910000E+37,+9.910000E+37,+9.910000E+37,         0,+9.910000E+37
+1.320000E+00,+1.589200E-02,+9.910000E+37,+7.035100E-01,      4288,+1.320000E+00,+9.910000E+37,+9.910000E+37,+9.910000E+37,+9.910000E+37,         0,+9.910000E+37
+1.328000E+00,+1.616640E-02,+9.910000E+37,+7.076440E-01,      4288,+1.328000E+00,+9.910000E+37,+9.910000E+37,+9.910000E+37,+9.910000E+37,         0,+9.910000E+37
+1.336000E+00,+1.643980E-02,+9.910000E+37,+7.118280E-01,      4288,+1.336000E+00,+9.910000E+37,+9.910000E+37,+9.910000E+37,+9.910000E+37,         0,+9.910000E+37
+1.344000E+00,+1.671390E-02,+9.910000E+37,+7.159610E-01,      4288,+1.344000E+00,+9.910000E+37,+9.910000E+37,+9.910000E+37,+9.910000E+37,         0,+9.910000E+37
+1.352000E+00,+1.698830E-02,+9.910000E+37,+7.200970E-01,      4288,+1.352000E+00,+9.910000E+37,+9.910000E+37,+9.910000E+37,+9.910000E+37,         0,+9.910000E+37
+1.360000E+00,+1.726720E-02,+9.910000E+37,+7.242240E-01,      4288,+1.360000E+00,+9.910000E+37,+9.910000E+37,+9.910000E+37,+9.910000E+37,         0,+9.910000E+37
+1.368000E+00,+1.753740E-02,+9.910000E+37,+7.283580E-01,      4288,+1.368000E+00,+9.910000E+37,+9.910000E+37,+9.910000E+37,+9.910000E+37,         0,+9.910000E+37
+1.376000E+00,+1.781730E-02,+9.910000E+37,+7.324910E-01,      4288,+1.376000E+00,+9.910000E+37,+9.910000E+37,+9.910000E+37,+9.910000E+37,         0,+9.910000E+37
+1.384000E+00,+1.810410E-02,+9.910000E+37,+7.366160E-01,      4288,+1.384000E+00,+9.910000E+37,+9.910000E+37,+9.910000E+37,+9.910000E+37,         0,+9.910000E+37
+1.392000E+00,+1.839200E-02,+9.910000E+37,+7.408640E-01,      4288,+1.392000E+00,+9.910000E+37,+9.910000E+37,+9.910000E+37,+9.910000E+37,         0,+9.910000E+37
+1.400000E+00,+1.866810E-02,+9.910000E+37,+7.449970E-01,      4288,+1.400000E+00,+9.910000E+37,+9.910000E+37,+9.910000E+37,+9.910000E+37,         0,+9.910000E+37
+1.408000E+00,+1.895070E-02,+9.910000E+37,+7.491400E-01,      4288,+1.408000E+00,+9.910000E+37,+9.910000E+37,+9.910000E+37,+9.910000E+37,         0,+9.910000E+37
+1.416000E+00,+1.923060E-02,+9.910000E+37,+7.532720E-01,      4288,+1.416000E+00,+9.910000E+37,+9.910000E+37,+9.910000E+37,+9.910000E+37,         0,+9.910000E+37
+1.424000E+00,+1.952140E-02,+9.910000E+37,+7.574010E-01,      4288,+1.424000E+00,+9.910000E+37,+9.910000E+37,+9.910000E+37,+9.910000E+37,         0,+9.910000E+37
+1.432000E+00,+1.980960E-02,+9.910000E+37,+7.615240E-01,      4288,+1.432000E+00,+9.910000E+37,+9.910000E+37,+9.910000E+37,+9.910000E+37,         0,+9.910000E+37
+1.440000E+00,+2.009220E-02,+9.910000E+37,+7.656540E-01,      4288,+1.440000E+00,+9.910000E+37,+9.910000E+37,+9.910000E+37,+9.910000E+37,         0,+9.910000E+37
+1.448000E+00,+2.038790E-02,+9.910000E+37,+7.697800E-01,      4288,+1.448000E+00,+9.910000E+37,+9.910000E+37,+9.910000E+37,+9.910000E+37,         0,+9.910000E+37
+1.456000E+00,+2.067380E-02,+9.910000E+37,+7.739110E-01,      4288,+1.456000E+00,+9.910000E+37,+9.910000E+37,+9.910000E+37,+9.910000E+37,         0,+9.910000E+37
+1.464000E+00,+2.096110E-02,+9.910000E+37,+7.780460E-01,      4288,+1.464000E+00,+9.910000E+37,+9.910000E+37,+9.910000E+37,+9.910000E+37,         0,+9.910000E+37
+1.472000E+00,+2.125310E-02,+9.910000E+37,+7.821790E-01,      4288,+1.472000E+00,+9.910000E+37,+9.910000E+37,+9.910000E+37,+9.910000E+37,         0,+9.910000E+37
+1.480000E+00,+2.153710E-02,+9.910000E+37,+7.863170E-01,      4288,+1.480000E+00,+9.910000E+37,+9.910000E+37,+9.910000E+37,+9.910000E+37,         0,+9.910000E+37
+1.488000E+00,+2.181450E-02,+9.910000E+37,+7.904430E-01,      4288,+1.488000E+00,+9.910000E+37,+9.910000E+37,+9.910000E+37,+9.910000E+37,         0,+9.910000E+37
+1.496000E+00,+2.211050E-02,+9.910000E+37,+7.945840E-01,      4288,+1.496000E+00,+9.910000E+37,+9.910000E+37,+9.910000E+37,+9.910000E+37,         0,+9.910000E+37
+1.504000E+00,+2.240530E-02,+9.910000E+37,+7.987000E-01,      4288,+1.504000E+00,+9.910000E+37,+9.910000E+37,+9.910000E+37,+9.910000E+37,         0,+9.910000E+37
+1.512000E+00,+2.269910E-02,+9.910000E+37,+8.028340E-01,      4288,+1.512000E+00,+9.910000E+37,+9.910000E+37,+9.910000E+37,+9.910000E+37,         0,+9.910000E+37
+1.520000E+00,+2.299110E-02,+9.910000E+37,+8.069620E-01,      4288,+1.520000E+00,+9.910000E+37,+9.910000E+37,+9.910000E+37,+9.910000E+37,         0,+9.910000E+37
+1.528000E+00,+2.328500E-02,+9.910000E+37,+8.110890E-01,      4288,+1.528000E+00,+9.910000E+37,+9.910000E+37,+9.910000E+37,+9.910000E+37,         0,+9.910000E+37
+1.536000E+00,+2.357060E-02,+9.910000E+37,+8.152090E-01,      4288,+1.536000E+00,+9.910000E+37,+9.910000E+37,+9.910000E+37,+9.910000E+37,         0,+9.910000E+37
+1.544000E+00,+2.386310E-02,+9.910000E+37,+8.193550E-01,      4288,+1.544000E+00,+9.910000E+37,+9.910000E+37,+9.910000E+37,+9.910000E+37,         0,+9.910000E+37
+1.552000E+00,+2.415490E-02,+9.910000E+37,+8.234960E-01,      4288,+1.552000E+00,+9.910000E+37,+9.910000E+37,+9.910000E+37,+9.910000E+37,         0,+9.910000E+37
+1.560000E+00,+2.444680E-02,+9.910000E+37,+8.276210E-01,      4288,+1.560000E+00,+9.910000E+37,+9.910000E+37,+9.910000E+37,+9.910000E+37,         0,+9.910000E+37
+1.568000E+00,+2.474780E-02,+9.910000E+37,+8.317440E-01,      4288,+1.568000E+00,+9.910000E+37,+9.910000E+37,+9.910000E+37,+9.910000E+37,         0,+9.910000E+37
+1.576000E+00,+2.504530E-02,+9.910000E+37,+8.358570E-01,      4288,+1.576000E+00,+9.910000E+37,+9.910000E+37,+9.910000E+37,+9.910000E+37,         0,+9.910000E+37
+1.584000E+00,+2.533790E-02,+9.910000E+37,+8.399770E-01,      4288,+1.584000E+00,+9.910000E+37,+9.910000E+37,+9.910000E+37,+9.910000E+37,         0,+9.910000E+37
+1.592000E+00,+2.564590E-02,+9.910000E+37,+8.440930E-01,      4288,+1.592000E+00,+9.910000E+37,+9.910000E+37,+9.910000E+37,+9.910000E+37,         0,+9.910000E+37
+1.600000E+00,+2.593670E-02,+9.910000E+37,+8.482270E-01,      4288,+1.600000E+00,+9.910000E+37,+9.910000E+37,+9.910000E+37,+9.910000E+37,         0,+9.910000E+37
+1.608000E+00,+2.624720E-02,+9.910000E+37,+8.523500E-01,      4288,+1.608000E+00,+9.910000E+37,+9.910000E+37,+9.910000E+37,+9.910000E+37,         0,+9.910000E+37
+1.616000E+00,+2.654310E-02,+9.910000E+37,+8.564880E-01,      4288,+1.616000E+00,+9.910000E+37,+9.910000E+37,+9.910000E+37,+9.910000E+37,         0,+9.910000E+37
+1.624000E+00,+2.684630E-02,+9.910000E+37,+8.606170E-01,      4288,+1.624000E+00,+9.910000E+37,+9.910000E+37,+9.910000E+37,+9.910000E+37,         0,+9.910000E+37
+1.632000E+00,+2.715080E-02,+9.910000E+37,+8.647390E-01,      4288,+1.632000E+00,+9.910000E+37,+9.910000E+37,+9.910000E+37,+9.910000E+37,         0,+9.910000E+37
+1.640000E+00,+2.745350E-02,+9.910000E+37,+8.688660E-01,      4288,+1.640000E+00,+9.910000E+37,+9.910000E+37,+9.910000E+37,+9.910000E+37,         0,+9.910000E+37
+1.648000E+00,+2.774950E-02,+9.910000E+37,+8.729960E-01,      4288,+1.648000E+00,+9.910000E+37,+9.910000E+37,+9.910000E+37,+9.910000E+37,         0,+9.910000E+37
+1.656000E+00,+2.805260E-02,+9.910000E+37,+8.771290E-01,      4288,+1.656000E+00,+9.910000E+37,+9.910000E+37,+9.910000E+37,+9.910000E+37,         0,+9.910000E+37
+1.664000E+00,+2.835950E-02,+9.910000E+37,+8.812520E-01,      4288,+1.664000E+00,+9.910000E+37,+9.910000E+37,+9.910000E+37,+9.910000E+37,         0,+9.910000E+37
+1.672000E+00,+2.867560E-02,+9.910000E+37,+8.853890E-01,      4288,+1.672000E+00,+9.910000E+37,+9.910000E+37,+9.910000E+37,+9.910000E+37,         0,+9.910000E+37
+1.680000E+00,+2.897270E-02,+9.910000E+37,+8.895090E-01,      4288,+1.680000E+00,+9.910000E+37,+9.910000E+37,+9.910000E+37,+9.910000E+37,         0,+9.910000E+37
+1.688000E+00,+2.926770E-02,+9.910000E+37,+8.936430E-01,      4288,+1.688000E+00,+9.910000E+37,+9.910000E+37,+9.910000E+37,+9.910000E+37,         0,+9.910000E+37
+1.696000E+00,+2.957560E-02,+9.910000E+37,+8.977760E-01,      4288,+1.696000E+00,+9.910000E+37,+9.910000E+37,+9.910000E+37,+9.910000E+37,         0,+9.910000E+37
+1.704000E+00,+2.990170E-02,+9.910000E+37,+9.019020E-01,      4288,+1.704000E+00,+9.910000E+37,+9.910000E+37,+9.910000E+37,+9.910000E+37,         0,+9.910000E+37
+1.712000E+00,+3.020560E-02,+9.910000E+37,+9.060240E-01,      4288,+1.712000E+00,+9.910000E+37,+9.910000E+37,+9.910000E+37,+9.910000E+37,         0,+9.910000E+37
+1.720000E+00,+3.051040E-02,+9.910000E+37,+9.101510E-01,      4288,+1.720000E+00,+9.910000E+37,+9.910000E+37,+9.910000E+37,+9.910000E+37,         0,+9.910000E+37
+1.728000E+00,+3.082390E-02,+9.910000E+37,+9.142890E-01,      4288,+1.728000E+00,+9.910000E+37,+9.910000E+37,+9.910000E+37,+9.910000E+37,         0,+9.910000E+37
+1.736000E+00,+3.113730E-02,+9.910000E+37,+9.184280E-01,      4288,+1.736000E+00,+9.910000E+37,+9.910000E+37,+9.910000E+37,+9.910000E+37,         0,+9.910000E+37
+1.744000E+00,+3.144960E-02,+9.910000E+37,+9.225630E-01,      4288,+1.744000E+00,+9.910000E+37,+9.910000E+37,+9.910000E+37,+9.910000E+37,         0,+9.910000E+37
+1.752000E+00,+3.177140E-02,+9.910000E+37,+9.267100E-01,      4288,+1.752000E+00,+9.910000E+37,+9.910000E+37,+9.910000E+37,+9.910000E+37,         0,+9.910000E+37
+1.760000E+00,+3.208750E-02,+9.910000E+37,+9.308400E-01,      4288,+1.760000E+00,+9.910000E+37,+9.910000E+37,+9.910000E+37,+9.910000E+37,         0,+9.910000E+37
+1.768000E+00,+3.240290E-02,+9.910000E+37,+9.349650E-01,      4288,+1.768000E+00,+9.910000E+37,+9.910000E+37,+9.910000E+37,+9.910000E+37,         0,+9.910000E+37
+1.776000E+00,+3.271000E-02,+9.910000E+37,+9.390850E-01,      4288,+1.776000E+00,+9.910000E+37,+9.910000E+37,+9.910000E+37,+9.910000E+37,         0,+9.910000E+37
+1.784000E+00,+3.302380E-02,+9.910000E+37,+9.432110E-01,      4288,+1.784000E+00,+9.910000E+37,+9.910000E+37,+9.910000E+37,+9.910000E+37,         0,+9.910000E+37
+1.792000E+00,+3.333940E-02,+9.910000E+37,+9.473260E-01,      4288,+1.792000E+00,+9.910000E+37,+9.910000E+37,+9.910000E+37,+9.910000E+37,         0,+9.910000E+37
+1.800000E+00,+3.366230E-02,+9.910000E+37,+9.514520E-01,      4288,+1.800000E+00,+9.910000E+37,+9.910000E+37,+9.910000E+37,+9.910000E+37,         0,+9.910000E+37
+1.808000E+00,+3.397200E-02,+9.910000E+37,+9.555840E-01,      4288,+1.808000E+00,+9.910000E+37,+9.910000E+37,+9.910000E+37,+9.910000E+37,         0,+9.910000E+37
+1.816000E+00,+3.428710E-02,+9.910000E+37,+9.597120E-01,      4288,+1.816000E+00,+9.910000E+37,+9.910000E+37,+9.910000E+37,+9.910000E+37,         0,+9.910000E+37
+1.824000E+00,+3.460350E-02,+9.910000E+37,+9.638460E-01,      4288,+1.824000E+00,+9.910000E+37,+9.910000E+37,+9.910000E+37,+9.910000E+37,         0,+9.910000E+37
+1.832000E+00,+3.491950E-02,+9.910000E+37,+9.679720E-01,      4288,+1.832000E+00,+9.910000E+37,+9.910000E+37,+9.910000E+37,+9.910000E+37,         0,+9.910000E+37
+1.840000E+00,+3.523960E-02,+9.910000E+37,+9.721100E-01,      4288,+1.840000E+00,+9.910000E+37,+9.910000E+37,+9.910000E+37,+9.910000E+37,         0,+9.910000E+37
+1.848000E+00,+3.555670E-02,+9.910000E+37,+9.762380E-01,      4288,+1.848000E+00,+9.910000E+37,+9.910000E+37,+9.910000E+37,+9.910000E+37,         0,+9.910000E+37
+1.856000E+00,+3.587000E-02,+9.910000E+37,+9.803690E-01,      4288,+1.856000E+00,+9.910000E+37,+9.910000E+37,+9.910000E+37,+9.910000E+37,         0,+9.910000E+37
+1.864000E+00,+3.618410E-02,+9.910000E+37,+9.844940E-01,      4288,+1.864000E+00,+9.910000E+37,+9.910000E+37,+9.910000E+37,+9.910000E+37,         0,+9.910000E+37
+1.872000E+00,+3.650430E-02,+9.910000E+37,+9.886350E-01,      4288,+1.872000E+00,+9.910000E+37,+9.910000E+37,+9.910000E+37,+9.910000E+37,         0,+9.910000E+37
+1.880000E+00,+3.683230E-02,+9.910000E+37,+9.927660E-01,      4288,+1.880000E+00,+9.910000E+37,+9.910000E+37,+9.910000E+37,+9.910000E+37,         0,+9.910000E+37
+1.888000E+00,+3.716040E-02,+9.910000E+37,+9.969080E-01,      4288,+1.888000E+00,+9.910000E+37,+9.910000E+37,+9.910000E+37,+9.910000E+37,         0,+9.910000E+37
+1.896000E+00,+3.746540E-02,+9.910000E+37,+1.001033E+00,      4288,+1.896000E+00,+9.910000E+37,+9.910000E+37,+9.910000E+37,+9.910000E+37,         0,+9.910000E+37
+1.904000E+00,+3.779350E-02,+9.910000E+37,+1.005163E+00,      4288,+1.904000E+00,+9.910000E+37,+9.910000E+37,+9.910000E+37,+9.910000E+37,         0,+9.910000E+37
+1.912000E+00,+3.812770E-02,+9.910000E+37,+1.009275E+00,      4288,+1.912000E+00,+9.910000E+37,+9.910000E+37,+9.910000E+37,+9.910000E+37,         0,+9.910000E+37
+1.920000E+00,+3.845070E-02,+9.910000E+37,+1.013398E+00,      4288,+1.920000E+00,+9.910000E+37,+9.910000E+37,+9.910000E+37,+9.910000E+37,         0,+9.910000E+37
+1.928000E+00,+3.877320E-02,+9.910000E+37,+1.017526E+00,      4288,+1.928000E+00,+9.910000E+37,+9.910000E+37,+9.910000E+37,+9.910000E+37,         0,+9.910000E+37
+1.936000E+00,+3.910140E-02,+9.910000E+37,+1.021654E+00,      4288,+1.936000E+00,+9.910000E+37,+9.910000E+37,+9.910000E+37,+9.910000E+37,         0,+9.910000E+37
+1.944000E+00,+3.942510E-02,+9.910000E+37,+1.025862E+00,      4288,+1.944000E+00,+9.910000E+37,+9.910000E+37,+9.910000E+37,+9.910000E+37,         0,+9.910000E+37
+1.952000E+00,+3.974930E-02,+9.910000E+37,+1.030028E+00,      4288,+1.952000E+00,+9.910000E+37,+9.910000E+37,+9.910000E+37,+9.910000E+37,         0,+9.910000E+37
+1.960000E+00,+4.006840E-02,+9.910000E+37,+1.034172E+00,      4288,+1.960000E+00,+9.910000E+37,+9.910000E+37,+9.910000E+37,+9.910000E+37,         0,+9.910000E+37
+1.968000E+00,+4.040700E-02,+9.910000E+37,+1.038295E+00,      4288,+1.968000E+00,+9.910000E+37,+9.910000E+37,+9.910000E+37,+9.910000E+37,         0,+9.910000E+37
+1.976000E+00,+4.071780E-02,+9.910000E+37,+1.042420E+00,      4288,+1.976000E+00,+9.910000E+37,+9.910000E+37,+9.910000E+37,+9.910000E+37,         0,+9.910000E+37
+1.984000E+00,+4.103390E-02,+9.910000E+37,+1.046549E+00,      4288,+1.984000E+00,+9.910000E+37,+9.910000E+37,+9.910000E+37,+9.910000E+37,         0,+9.910000E+37
+1.992000E+00,+4.135010E-02,+9.910000E+37,+1.050677E+00,      4288,+1.992000E+00,+9.910000E+37,+9.910000E+37,+9.910000E+37,+9.910000E+37,         0,+9.910000E+37
+2.000000E+00,+4.169500E-02,+9.910000E+37,+1.054804E+00,      4288,+2.000000E+00,+9.910000E+37,+9.910000E+37,+9.910000E+37,+9.910000E+37,         0,+9.910000E+37
+2.008000E+00,+4.202220E-02,+9.910000E+37,+1.058942E+00,      4288,+2.008000E+00,+9.910000E+37,+9.910000E+37,+9.910000E+37,+9.910000E+37,         0,+9.910000E+37
+2.016000E+00,+4.234300E-02,+9.910000E+37,+1.063081E+00,      4288,+2.016000E+00,+9.910000E+37,+9.910000E+37,+9.910000E+37,+9.910000E+37,         0,+9.910000E+37
+2.024000E+00,+4.268220E-02,+9.910000E+37,+1.067216E+00,      4288,+2.024000E+00,+9.910000E+37,+9.910000E+37,+9.910000E+37,+9.910000E+37,         0,+9.910000E+37
+2.032000E+00,+4.299840E-02,+9.910000E+37,+1.071340E+00,      4288,+2.032000E+00,+9.910000E+37,+9.910000E+37,+9.910000E+37,+9.910000E+37,         0,+9.910000E+37
+2.040000E+00,+4.333090E-02,+9.910000E+37,+1.075570E+00,      4288,+2.040000E+00,+9.910000E+37,+9.910000E+37,+9.910000E+37,+9.910000E+37,         0,+9.910000E+37
+2.048000E+00,+4.348610E-02,+9.910000E+37,+1.104371E+00,      4288,+2.048000E+00,+9.910000E+37,+9.910000E+37,+9.910000E+37,+9.910000E+37,         0,+9.910000E+37
+2.056000E+00,+4.374380E-02,+9.910000E+37,+1.125613E+00,      4288,+2.056000E+00,+9.910000E+37,+9.910000E+37,+9.910000E+37,+9.910000E+37,         0,+9.910000E+37
+2.064000E+00,+4.408180E-02,+9.910000E+37,+1.129757E+00,      4288,+2.064000E+00,+9.910000E+37,+9.910000E+37,+9.910000E+37,+9.910000E+37,         0,+9.910000E+37
+2.072000E+00,+4.440700E-02,+9.910000E+37,+1.133883E+00,      4288,+2.072000E+00,+9.910000E+37,+9.910000E+37,+9.910000E+37,+9.910000E+37,         0,+9.910000E+37
+2.080000E+00,+4.474360E-02,+9.910000E+37,+1.138018E+00,      4288,+2.080000E+00,+9.910000E+37,+9.910000E+37,+9.910000E+37,+9.910000E+37,         0,+9.910000E+37
+2.088000E+00,+4.509800E-02,+9.910000E+37,+1.142151E+00,      4288,+2.088000E+00,+9.910000E+37,+9.910000E+37,+9.910000E+37,+9.910000E+37,         0,+9.910000E+37
+2.096000E+00,+4.542810E-02,+9.910000E+37,+1.146286E+00,      4288,+2.096000E+00,+9.910000E+37,+9.910000E+37,+9.910000E+37,+9.910000E+37,         0,+9.910000E+37
+2.104000E+00,+4.576600E-02,+9.910000E+37,+1.150420E+00,      4288,+2.104000E+00,+9.910000E+37,+9.910000E+37,+9.910000E+37,+9.910000E+37,         0,+9.910000E+37
+2.112000E+00,+4.611090E-02,+9.910000E+37,+1.154552E+00,      4288,+2.112000E+00,+9.910000E+37,+9.910000E+37,+9.910000E+37,+9.910000E+37,         0,+9.910000E+37
+2.120000E+00,+4.643710E-02,+9.910000E+37,+1.158684E+00,      4288,+2.120000E+00,+9.910000E+37,+9.910000E+37,+9.910000E+37,+9.910000E+37,         0,+9.910000E+37
+2.128000E+00,+4.676410E-02,+9.910000E+37,+1.162805E+00,      4288,+2.128000E+00,+9.910000E+37,+9.910000E+37,+9.910000E+37,+9.910000E+37,         0,+9.910000E+37
+2.136000E+00,+4.709770E-02,+9.910000E+37,+1.166928E+00,      4288,+2.136000E+00,+9.910000E+37,+9.910000E+37,+9.910000E+37,+9.910000E+37,         0,+9.910000E+37
+2.144000E+00,+4.743470E-02,+9.910000E+37,+1.171055E+00,      4288,+2.144000E+00,+9.910000E+37,+9.910000E+37,+9.910000E+37,+9.910000E+37,         0,+9.910000E+37
+2.152000E+00,+4.779260E-02,+9.910000E+37,+1.175187E+00,      4288,+2.152000E+00,+9.910000E+37,+9.910000E+37,+9.910000E+37,+9.910000E+37,         0,+9.910000E+37
+2.160000E+00,+4.813670E-02,+9.910000E+37,+1.179331E+00,      4288,+2.160000E+00,+9.910000E+37,+9.910000E+37,+9.910000E+37,+9.910000E+37,         0,+9.910000E+37
+2.168000E+00,+4.847940E-02,+9.910000E+37,+1.183464E+00,      4288,+2.168000E+00,+9.910000E+37,+9.910000E+37,+9.910000E+37,+9.910000E+37,         0,+9.910000E+37
+2.176000E+00,+4.880120E-02,+9.910000E+37,+1.187679E+00,      4288,+2.176000E+00,+9.910000E+37,+9.910000E+37,+9.910000E+37,+9.910000E+37,         0,+9.910000E+37
+2.184000E+00,+4.914990E-02,+9.910000E+37,+1.191809E+00,      4288,+2.184000E+00,+9.910000E+37,+9.910000E+37,+9.910000E+37,+9.910000E+37,         0,+9.910000E+37
+2.192000E+00,+4.947970E-02,+9.910000E+37,+1.195940E+00,      4288,+2.192000E+00,+9.910000E+37,+9.910000E+37,+9.910000E+37,+9.910000E+37,         0,+9.910000E+37
+2.200000E+00,+4.982600E-02,+9.910000E+37,+1.200073E+00,      4288,+2.200000E+00,+9.910000E+37,+9.910000E+37,+9.910000E+37,+9.910000E+37,         0,+9.910000E+37
+2.208000E+00,+5.015190E-02,+9.910000E+37,+1.204204E+00,      4288,+2.208000E+00,+9.910000E+37,+9.910000E+37,+9.910000E+37,+9.910000E+37,         0,+9.910000E+37
+2.216000E+00,+5.048170E-02,+9.910000E+37,+1.208321E+00,      4288,+2.216000E+00,+9.910000E+37,+9.910000E+37,+9.910000E+37,+9.910000E+37,         0,+9.910000E+37
+2.224000E+00,+5.083230E-02,+9.910000E+37,+1.212451E+00,      4288,+2.224000E+00,+9.910000E+37,+9.910000E+37,+9.910000E+37,+9.910000E+37,         0,+9.910000E+37
+2.232000E+00,+5.116870E-02,+9.910000E+37,+1.216607E+00,      4288,+2.232000E+00,+9.910000E+37,+9.910000E+37,+9.910000E+37,+9.910000E+37,         0,+9.910000E+37
+2.240000E+00,+5.149000E-02,+9.910000E+37,+1.220743E+00,      4288,+2.240000E+00,+9.910000E+37,+9.910000E+37,+9.910000E+37,+9.910000E+37,         0,+9.910000E+37
+2.248000E+00,+5.184840E-02,+9.910000E+37,+1.224869E+00,      4288,+2.248000E+00,+9.910000E+37,+9.910000E+37,+9.910000E+37,+9.910000E+37,         0,+9.910000E+37
+2.256000E+00,+5.219140E-02,+9.910000E+37,+1.228982E+00,      4288,+2.256000E+00,+9.910000E+37,+9.910000E+37,+9.910000E+37,+9.910000E+37,         0,+9.910000E+37
+2.264000E+00,+5.251860E-02,+9.910000E+37,+1.233113E+00,      4288,+2.264000E+00,+9.910000E+37,+9.910000E+37,+9.910000E+37,+9.910000E+37,         0,+9.910000E+37
+2.272000E+00,+5.285870E-02,+9.910000E+37,+1.237239E+00,      4288,+2.272000E+00,+9.910000E+37,+9.910000E+37,+9.910000E+37,+9.910000E+37,         0,+9.910000E+37
+2.280000E+00,+5.320460E-02,+9.910000E+37,+1.241367E+00,      4288,+2.280000E+00,+9.910000E+37,+9.910000E+37,+9.910000E+37,+9.910000E+37,         0,+9.910000E+37
+2.288000E+00,+5.356670E-02,+9.910000E+37,+1.245502E+00,      4288,+2.288000E+00,+9.910000E+37,+9.910000E+37,+9.910000E+37,+9.910000E+37,         0,+9.910000E+37
+2.296000E+00,+5.391410E-02,+9.910000E+37,+1.249618E+00,      4288,+2.296000E+00,+9.910000E+37,+9.910000E+37,+9.910000E+37,+9.910000E+37,         0,+9.910000E+37
+2.304000E+00,+5.424540E-02,+9.910000E+37,+1.253760E+00,      4288,+2.304000E+00,+9.910000E+37,+9.910000E+37,+9.910000E+37,+9.910000E+37,         0,+9.910000E+37
+2.312000E+00,+5.458510E-02,+9.910000E+37,+1.257898E+00,      4288,+2.312000E+00,+9.910000E+37,+9.910000E+37,+9.910000E+37,+9.910000E+37,         0,+9.910000E+37
+2.320000E+00,+5.494180E-02,+9.910000E+37,+1.262027E+00,      4288,+2.320000E+00,+9.910000E+37,+9.910000E+37,+9.910000E+37,+9.910000E+37,         0,+9.910000E+37
+2.328000E+00,+5.529900E-02,+9.910000E+37,+1.266152E+00,      4288,+2.328000E+00,+9.910000E+37,+9.910000E+37,+9.910000E+37,+9.910000E+37,         0,+9.910000E+37
+2.336000E+00,+5.563140E-02,+9.910000E+37,+1.270284E+00,      4288,+2.336000E+00,+9.910000E+37,+9.910000E+37,+9.910000E+37,+9.910000E+37,         0,+9.910000E+37
+2.344000E+00,+5.597660E-02,+9.910000E+37,+1.274408E+00,      4288,+2.344000E+00,+9.910000E+37,+9.910000E+37,+9.910000E+37,+9.910000E+37,         0,+9.910000E+37
+2.352000E+00,+5.632460E-02,+9.910000E+37,+1.278541E+00,      4288,+2.352000E+00,+9.910000E+37,+9.910000E+37,+9.910000E+37,+9.910000E+37,         0,+9.910000E+37
+2.360000E+00,+5.668650E-02,+9.910000E+37,+1.282660E+00,      4288,+2.360000E+00,+9.910000E+37,+9.910000E+37,+9.910000E+37,+9.910000E+37,         0,+9.910000E+37
+2.368000E+00,+5.704180E-02,+9.910000E+37,+1.286785E+00,      4288,+2.368000E+00,+9.910000E+37,+9.910000E+37,+9.910000E+37,+9.910000E+37,         0,+9.910000E+37
+2.376000E+00,+5.737760E-02,+9.910000E+37,+1.290940E+00,      4288,+2.376000E+00,+9.910000E+37,+9.910000E+37,+9.910000E+37,+9.910000E+37,         0,+9.910000E+37
+2.384000E+00,+5.773500E-02,+9.910000E+37,+1.295073E+00,      4288,+2.384000E+00,+9.910000E+37,+9.910000E+37,+9.910000E+37,+9.910000E+37,         0,+9.910000E+37
+2.392000E+00,+5.809290E-02,+9.910000E+37,+1.299201E+00,      4288,+2.392000E+00,+9.910000E+37,+9.910000E+37,+9.910000E+37,+9.910000E+37,         0,+9.910000E+37
+2.400000E+00,+5.845080E-02,+9.910000E+37,+1.303325E+00,      4288,+2.400000E+00,+9.910000E+37,+9.910000E+37,+9.910000E+37,+9.910000E+37,         0,+9.910000E+37
+2.408000E+00,+5.881540E-02,+9.910000E+37,+1.307455E+00,      4288,+2.408000E+00,+9.910000E+37,+9.910000E+37,+9.910000E+37,+9.910000E+37,         0,+9.910000E+37
+2.416000E+00,+5.918010E-02,+9.910000E+37,+1.311584E+00,      4288,+2.416000E+00,+9.910000E+37,+9.910000E+37,+9.910000E+37,+9.910000E+37,         0,+9.910000E+37
+2.424000E+00,+5.953270E-02,+9.910000E+37,+1.315720E+00,      4288,+2.424000E+00,+9.910000E+37,+9.910000E+37,+9.910000E+37,+9.910000E+37,         0,+9.910000E+37
+2.432000E+00,+5.988700E-02,+9.910000E+37,+1.319844E+00,      4288,+2.432000E+00,+9.910000E+37,+9.910000E+37,+9.910000E+37,+9.910000E+37,         0,+9.910000E+37
+2.440000E+00,+6.025700E-02,+9.910000E+37,+1.323981E+00,      4288,+2.440000E+00,+9.910000E+37,+9.910000E+37,+9.910000E+37,+9.910000E+37,         0,+9.910000E+37
+2.448000E+00,+6.059970E-02,+9.910000E+37,+1.328115E+00,      4288,+2.448000E+00,+9.910000E+37,+9.910000E+37,+9.910000E+37,+9.910000E+37,         0,+9.910000E+37
+2.456000E+00,+6.098350E-02,+9.910000E+37,+1.332251E+00,      4288,+2.456000E+00,+9.910000E+37,+9.910000E+37,+9.910000E+37,+9.910000E+37,         0,+9.910000E+37
+2.464000E+00,+6.134590E-02,+9.910000E+37,+1.336379E+00,      4288,+2.464000E+00,+9.910000E+37,+9.910000E+37,+9.910000E+37,+9.910000E+37,         0,+9.910000E+37
+2.472000E+00,+6.170400E-02,+9.910000E+37,+1.340496E+00,      4288,+2.472000E+00,+9.910000E+37,+9.910000E+37,+9.910000E+37,+9.910000E+37,         0,+9.910000E+37
+2.480000E+00,+6.208100E-02,+9.910000E+37,+1.344619E+00,      4288,+2.480000E+00,+9.910000E+37,+9.910000E+37,+9.910000E+37,+9.910000E+37,         0,+9.910000E+37
+2.488000E+00,+6.248370E-02,+9.910000E+37,+1.348747E+00,      4288,+2.488000E+00,+9.910000E+37,+9.910000E+37,+9.910000E+37,+9.910000E+37,         0,+9.910000E+37
+2.496000E+00,+6.284660E-02,+9.910000E+37,+1.352881E+00,      4288,+2.496000E+00,+9.910000E+37,+9.910000E+37,+9.910000E+37,+9.910000E+37,         0,+9.910000E+37
+2.504000E+00,+6.322040E-02,+9.910000E+37,+1.357022E+00,      4288,+2.504000E+00,+9.910000E+37,+9.910000E+37,+9.910000E+37,+9.910000E+37,         0,+9.910000E+37
+2.512000E+00,+6.361010E-02,+9.910000E+37,+1.361159E+00,      4288,+2.512000E+00,+9.910000E+37,+9.910000E+37,+9.910000E+37,+9.910000E+37,         0,+9.910000E+37
+2.520000E+00,+6.398810E-02,+9.910000E+37,+1.365293E+00,      4288,+2.520000E+00,+9.910000E+37,+9.910000E+37,+9.910000E+37,+9.910000E+37,         0,+9.910000E+37
+2.528000E+00,+6.439270E-02,+9.910000E+37,+1.369414E+00,      4288,+2.528000E+00,+9.910000E+37,+9.910000E+37,+9.910000E+37,+9.910000E+37,         0,+9.910000E+37
+2.536000E+00,+6.477890E-02,+9.910000E+37,+1.373537E+00,      4288,+2.536000E+00,+9.910000E+37,+9.910000E+37,+9.910000E+37,+9.910000E+37,         0,+9.910000E+37
+2.544000E+00,+6.516310E-02,+9.910000E+37,+1.377666E+00,      4288,+2.544000E+00,+9.910000E+37,+9.910000E+37,+9.910000E+37,+9.910000E+37,         0,+9.910000E+37
+2.552000E+00,+6.554340E-02,+9.910000E+37,+1.381797E+00,      4288,+2.552000E+00,+9.910000E+37,+9.910000E+37,+9.910000E+37,+9.910000E+37,         0,+9.910000E+37
+2.560000E+00,+6.590870E-02,+9.910000E+37,+1.385933E+00,      4288,+2.560000E+00,+9.910000E+37,+9.910000E+37,+9.910000E+37,+9.910000E+37,         0,+9.910000E+37
+2.568000E+00,+6.632860E-02,+9.910000E+37,+1.390067E+00,      4288,+2.568000E+00,+9.910000E+37,+9.910000E+37,+9.910000E+37,+9.910000E+37,         0,+9.910000E+37
+2.576000E+00,+6.673730E-02,+9.910000E+37,+1.394195E+00,      4288,+2.576000E+00,+9.910000E+37,+9.910000E+37,+9.910000E+37,+9.910000E+37,         0,+9.910000E+37
+2.584000E+00,+6.711950E-02,+9.910000E+37,+1.398319E+00,      4288,+2.584000E+00,+9.910000E+37,+9.910000E+37,+9.910000E+37,+9.910000E+37,         0,+9.910000E+37
+2.592000E+00,+6.752170E-02,+9.910000E+37,+1.402456E+00,      4288,+2.592000E+00,+9.910000E+37,+9.910000E+37,+9.910000E+37,+9.910000E+37,         0,+9.910000E+37
+2.600000E+00,+6.792730E-02,+9.910000E+37,+1.406588E+00,      4288,+2.600000E+00,+9.910000E+37,+9.910000E+37,+9.910000E+37,+9.910000E+37,         0,+9.910000E+37
+2.608000E+00,+6.834080E-02,+9.910000E+37,+1.410823E+00,      4288,+2.608000E+00,+9.910000E+37,+9.910000E+37,+9.910000E+37,+9.910000E+37,         0,+9.910000E+37
+2.616000E+00,+6.873070E-02,+9.910000E+37,+1.414954E+00,      4288,+2.616000E+00,+9.910000E+37,+9.910000E+37,+9.910000E+37,+9.910000E+37,         0,+9.910000E+37
+2.624000E+00,+6.913930E-02,+9.910000E+37,+1.419092E+00,      4288,+2.624000E+00,+9.910000E+37,+9.910000E+37,+9.910000E+37,+9.910000E+37,         0,+9.910000E+37
+2.632000E+00,+6.955120E-02,+9.910000E+37,+1.423226E+00,      4288,+2.632000E+00,+9.910000E+37,+9.910000E+37,+9.910000E+37,+9.910000E+37,         0,+9.910000E+37
+2.640000E+00,+6.992140E-02,+9.910000E+37,+1.427367E+00,      4288,+2.640000E+00,+9.910000E+37,+9.910000E+37,+9.910000E+37,+9.910000E+37,         0,+9.910000E+37
+2.648000E+00,+7.033560E-02,+9.910000E+37,+1.431587E+00,      4288,+2.648000E+00,+9.910000E+37,+9.910000E+37,+9.910000E+37,+9.910000E+37,         0,+9.910000E+37
+2.656000E+00,+7.074420E-02,+9.910000E+37,+1.435716E+00,      4288,+2.656000E+00,+9.910000E+37,+9.910000E+37,+9.910000E+37,+9.910000E+37,         0,+9.910000E+37
+2.664000E+00,+7.119540E-02,+9.910000E+37,+1.439846E+00,      4288,+2.664000E+00,+9.910000E+37,+9.910000E+37,+9.910000E+37,+9.910000E+37,         0,+9.910000E+37
+2.672000E+00,+7.161210E-02,+9.910000E+37,+1.443976E+00,      4288,+2.672000E+00,+9.910000E+37,+9.910000E+37,+9.910000E+37,+9.910000E+37,         0,+9.910000E+37
+2.680000E+00,+7.204790E-02,+9.910000E+37,+1.448105E+00,      4288,+2.680000E+00,+9.910000E+37,+9.910000E+37,+9.910000E+37,+9.910000E+37,         0,+9.910000E+37
+2.688000E+00,+7.244060E-02,+9.910000E+37,+1.452230E+00,      4288,+2.688000E+00,+9.910000E+37,+9.910000E+37,+9.910000E+37,+9.910000E+37,         0,+9.910000E+37
+2.696000E+00,+7.289390E-02,+9.910000E+37,+1.456368E+00,      4288,+2.696000E+00,+9.910000E+37,+9.910000E+37,+9.910000E+37,+9.910000E+37,         0,+9.910000E+37
+2.704000E+00,+7.329030E-02,+9.910000E+37,+1.460500E+00,      4288,+2.704000E+00,+9.910000E+37,+9.910000E+37,+9.910000E+37,+9.910000E+37,         0,+9.910000E+37
+2.712000E+00,+7.375120E-02,+9.910000E+37,+1.464632E+00,      4288,+2.712000E+00,+9.910000E+37,+9.910000E+37,+9.910000E+37,+9.910000E+37,         0,+9.910000E+37
+2.720000E+00,+7.417110E-02,+9.910000E+37,+1.468759E+00,      4288,+2.720000E+00,+9.910000E+37,+9.910000E+37,+9.910000E+37,+9.910000E+37,         0,+9.910000E+37
+2.728000E+00,+7.464380E-02,+9.910000E+37,+1.472889E+00,      4288,+2.728000E+00,+9.910000E+37,+9.910000E+37,+9.910000E+37,+9.910000E+37,         0,+9.910000E+37
+2.736000E+00,+7.507460E-02,+9.910000E+37,+1.477009E+00,      4288,+2.736000E+00,+9.910000E+37,+9.910000E+37,+9.910000E+37,+9.910000E+37,         0,+9.910000E+37
+2.744000E+00,+7.550470E-02,+9.910000E+37,+1.481143E+00,      4288,+2.744000E+00,+9.910000E+37,+9.910000E+37,+9.910000E+37,+9.910000E+37,         0,+9.910000E+37
+2.752000E+00,+7.594870E-02,+9.910000E+37,+1.485279E+00,      4288,+2.752000E+00,+9.910000E+37,+9.910000E+37,+9.910000E+37,+9.910000E+37,         0,+9.910000E+37
+2.760000E+00,+7.636070E-02,+9.910000E+37,+1.489410E+00,      4288,+2.760000E+00,+9.910000E+37,+9.910000E+37,+9.910000E+37,+9.910000E+37,         0,+9.910000E+37
+2.768000E+00,+7.680280E-02,+9.910000E+37,+1.493551E+00,      4288,+2.768000E+00,+9.910000E+37,+9.910000E+37,+9.910000E+37,+9.910000E+37,         0,+9.910000E+37
+2.776000E+00,+7.721640E-02,+9.910000E+37,+1.497696E+00,      4288,+2.776000E+00,+9.910000E+37,+9.910000E+37,+9.910000E+37,+9.910000E+37,         0,+9.910000E+37
+2.784000E+00,+7.767840E-02,+9.910000E+37,+1.501823E+00,      4288,+2.784000E+00,+9.910000E+37,+9.910000E+37,+9.910000E+37,+9.910000E+37,         0,+9.910000E+37
+2.792000E+00,+7.814240E-02,+9.910000E+37,+1.505943E+00,      4288,+2.792000E+00,+9.910000E+37,+9.910000E+37,+9.910000E+37,+9.910000E+37,         0,+9.910000E+37
+2.800000E+00,+7.858430E-02,+9.910000E+37,+1.510067E+00,      4288,+2.800000E+00,+9.910000E+37,+9.910000E+37,+9.910000E+37,+9.910000E+37,         0,+9.910000E+37
+2.808000E+00,+7.906880E-02,+9.910000E+37,+1.514193E+00,      4288,+2.808000E+00,+9.910000E+37,+9.910000E+37,+9.910000E+37,+9.910000E+37,         0,+9.910000E+37
+2.816000E+00,+7.953150E-02,+9.910000E+37,+1.518325E+00,      4288,+2.816000E+00,+9.910000E+37,+9.910000E+37,+9.910000E+37,+9.910000E+37,         0,+9.910000E+37
+2.824000E+00,+7.996870E-02,+9.910000E+37,+1.522461E+00,      4288,+2.824000E+00,+9.910000E+37,+9.910000E+37,+9.910000E+37,+9.910000E+37,         0,+9.910000E+37
+2.832000E+00,+8.041860E-02,+9.910000E+37,+1.526604E+00,      4288,+2.832000E+00,+9.910000E+37,+9.910000E+37,+9.910000E+37,+9.910000E+37,         0,+9.910000E+37
+2.840000E+00,+8.086470E-02,+9.910000E+37,+1.530800E+00,      4288,+2.840000E+00,+9.910000E+37,+9.910000E+37,+9.910000E+37,+9.910000E+37,         0,+9.910000E+37
+2.848000E+00,+8.132270E-02,+9.910000E+37,+1.534951E+00,      4288,+2.848000E+00,+9.910000E+37,+9.910000E+37,+9.910000E+37,+9.910000E+37,         0,+9.910000E+37
+2.856000E+00,+8.180250E-02,+9.910000E+37,+1.539073E+00,      4288,+2.856000E+00,+9.910000E+37,+9.910000E+37,+9.910000E+37,+9.910000E+37,         0,+9.910000E+37
+2.863990E+00,+8.226730E-02,+9.910000E+37,+1.543195E+00,      4288,+2.864000E+00,+9.910000E+37,+9.910000E+37,+9.910000E+37,+9.910000E+37,         0,+9.910000E+37
+2.872000E+00,+8.272870E-02,+9.910000E+37,+1.547317E+00,      4288,+2.872000E+00,+9.910000E+37,+9.910000E+37,+9.910000E+37,+9.910000E+37,         0,+9.910000E+37
+2.880000E+00,+8.318780E-02,+9.910000E+37,+1.551451E+00,      4288,+2.880000E+00,+9.910000E+37,+9.910000E+37,+9.910000E+37,+9.910000E+37,         0,+9.910000E+37
+2.888000E+00,+8.374310E-02,+9.910000E+37,+1.555578E+00,      4288,+2.888000E+00,+9.910000E+37,+9.910000E+37,+9.910000E+37,+9.910000E+37,         0,+9.910000E+37
+2.896000E+00,+8.412150E-02,+9.910000E+37,+1.559723E+00,      4288,+2.896000E+00,+9.910000E+37,+9.910000E+37,+9.910000E+37,+9.910000E+37,         0,+9.910000E+37
+2.904000E+00,+8.457900E-02,+9.910000E+37,+1.563846E+00,      4288,+2.904000E+00,+9.910000E+37,+9.910000E+37,+9.910000E+37,+9.910000E+37,         0,+9.910000E+37
+2.912000E+00,+8.502950E-02,+9.910000E+37,+1.567973E+00,      4288,+2.912000E+00,+9.910000E+37,+9.910000E+37,+9.910000E+37,+9.910000E+37,         0,+9.910000E+37
+2.920000E+00,+8.548610E-02,+9.910000E+37,+1.572105E+00,      4288,+2.920000E+00,+9.910000E+37,+9.910000E+37,+9.910000E+37,+9.910000E+37,         0,+9.910000E+37
+2.928000E+00,+8.594840E-02,+9.910000E+37,+1.576244E+00,      4288,+2.928000E+00,+9.910000E+37,+9.910000E+37,+9.910000E+37,+9.910000E+37,         0,+9.910000E+37
+2.936000E+00,+8.639000E-02,+9.910000E+37,+1.580389E+00,      4288,+2.936000E+00,+9.910000E+37,+9.910000E+37,+9.910000E+37,+9.910000E+37,         0,+9.910000E+37
+2.944000E+00,+8.686590E-02,+9.910000E+37,+1.584525E+00,      4288,+2.944000E+00,+9.910000E+37,+9.910000E+37,+9.910000E+37,+9.910000E+37,         0,+9.910000E+37
+2.952000E+00,+8.737190E-02,+9.910000E+37,+1.588665E+00,      4288,+2.952000E+00,+9.910000E+37,+9.910000E+37,+9.910000E+37,+9.910000E+37,         0,+9.910000E+37
+2.960000E+00,+8.783170E-02,+9.910000E+37,+1.592884E+00,      4288,+2.960000E+00,+9.910000E+37,+9.910000E+37,+9.910000E+37,+9.910000E+37,         0,+9.910000E+37
+2.968000E+00,+8.824590E-02,+9.910000E+37,+1.597019E+00,      4288,+2.968000E+00,+9.910000E+37,+9.910000E+37,+9.910000E+37,+9.910000E+37,         0,+9.910000E+37
+2.976000E+00,+8.872440E-02,+9.910000E+37,+1.601157E+00,      4288,+2.976000E+00,+9.910000E+37,+9.910000E+37,+9.910000E+37,+9.910000E+37,         0,+9.910000E+37
+2.984000E+00,+8.918470E-02,+9.910000E+37,+1.605275E+00,      4288,+2.984000E+00,+9.910000E+37,+9.910000E+37,+9.910000E+37,+9.910000E+37,         0,+9.910000E+37
+2.992000E+00,+8.966250E-02,+9.910000E+37,+1.609471E+00,      4288,+2.992000E+00,+9.910000E+37,+9.910000E+37,+9.910000E+37,+9.910000E+37,         0,+9.910000E+37
+3.000000E+00,+9.013330E-02,+9.910000E+37,+1.613609E+00,      4288,+3.000000E+00,+9.910000E+37,+9.910000E+37,+9.910000E+37,+9.910000E+37,         0,+9.910000E+37
+3.008000E+00,+9.057640E-02,+9.910000E+37,+1.617742E+00,      4288,+3.008000E+00,+9.910000E+37,+9.910000E+37,+9.910000E+37,+9.910000E+37,         0,+9.910000E+37
+3.016000E+00,+9.106070E-02,+9.910000E+37,+1.621893E+00,      4288,+3.016000E+00,+9.910000E+37,+9.910000E+37,+9.910000E+37,+9.910000E+37,         0,+9.910000E+37
+3.024000E+00,+9.154640E-02,+9.910000E+37,+1.626030E+00,      4288,+3.024000E+00,+9.910000E+37,+9.910000E+37,+9.910000E+37,+9.910000E+37,         0,+9.910000E+37
+3.032000E+00,+9.176070E-02,+9.910000E+37,+1.678285E+00,      4288,+3.032000E+00,+9.910000E+37,+9.910000E+37,+9.910000E+37,+9.910000E+37,         0,+9.910000E+37
+3.040000E+00,+9.180300E-02,+9.910000E+37,+1.686683E+00,      4288,+3.040000E+00,+9.910000E+37,+9.910000E+37,+9.910000E+37,+9.910000E+37,         0,+9.910000E+37
+3.048000E+00,+9.224570E-02,+9.910000E+37,+1.690828E+00,      4288,+3.048000E+00,+9.910000E+37,+9.910000E+37,+9.910000E+37,+9.910000E+37,         0,+9.910000E+37
+3.055990E+00,+9.280220E-02,+9.910000E+37,+1.695026E+00,      4288,+3.056000E+00,+9.910000E+37,+9.910000E+37,+9.910000E+37,+9.910000E+37,         0,+9.910000E+37
+3.064000E+00,+9.326820E-02,+9.910000E+37,+1.699165E+00,      4288,+3.064000E+00,+9.910000E+37,+9.910000E+37,+9.910000E+37,+9.910000E+37,         0,+9.910000E+37
+3.072000E+00,+9.375740E-02,+9.910000E+37,+1.703308E+00,      4288,+3.072000E+00,+9.910000E+37,+9.910000E+37,+9.910000E+37,+9.910000E+37,         0,+9.910000E+37
+3.080000E+00,+9.422390E-02,+9.910000E+37,+1.707448E+00,      4288,+3.080000E+00,+9.910000E+37,+9.910000E+37,+9.910000E+37,+9.910000E+37,         0,+9.910000E+37
+3.088000E+00,+9.450300E-02,+9.910000E+37,+1.711577E+00,      4288,+3.088000E+00,+9.910000E+37,+9.910000E+37,+9.910000E+37,+9.910000E+37,         0,+9.910000E+37
+3.096000E+00,+9.493420E-02,+9.910000E+37,+1.715709E+00,      4288,+3.096000E+00,+9.910000E+37,+9.910000E+37,+9.910000E+37,+9.910000E+37,         0,+9.910000E+37
+3.104000E+00,+9.537890E-02,+9.910000E+37,+1.719845E+00,      4288,+3.104000E+00,+9.910000E+37,+9.910000E+37,+9.910000E+37,+9.910000E+37,         0,+9.910000E+37
+3.112000E+00,+9.578980E-02,+9.910000E+37,+1.723978E+00,      4288,+3.112000E+00,+9.910000E+37,+9.910000E+37,+9.910000E+37,+9.910000E+37,         0,+9.910000E+37
+3.120000E+00,+9.629110E-02,+9.910000E+37,+1.728113E+00,      4288,+3.120000E+00,+9.910000E+37,+9.910000E+37,+9.910000E+37,+9.910000E+37,         0,+9.910000E+37
+3.128000E+00,+9.674560E-02,+9.910000E+37,+1.732264E+00,      4288,+3.128000E+00,+9.910000E+37,+9.910000E+37,+9.910000E+37,+9.910000E+37,         0,+9.910000E+37
+3.136000E+00,+9.718920E-02,+9.910000E+37,+1.736389E+00,      4288,+3.136000E+00,+9.910000E+37,+9.910000E+37,+9.910000E+37,+9.910000E+37,         0,+9.910000E+37
+3.144000E+00,+9.750640E-02,+9.910000E+37,+1.740527E+00,      4288,+3.144000E+00,+9.910000E+37,+9.910000E+37,+9.910000E+37,+9.910000E+37,         0,+9.910000E+37
+3.152000E+00,+9.785170E-02,+9.910000E+37,+1.744745E+00,      4288,+3.152000E+00,+9.910000E+37,+9.910000E+37,+9.910000E+37,+9.910000E+37,         0,+9.910000E+37
+3.160000E+00,+9.815900E-02,+9.910000E+37,+1.748905E+00,      4288,+3.160000E+00,+9.910000E+37,+9.910000E+37,+9.910000E+37,+9.910000E+37,         0,+9.910000E+37
+3.168000E+00,+9.848220E-02,+9.910000E+37,+1.753039E+00,      4288,+3.168000E+00,+9.910000E+37,+9.910000E+37,+9.910000E+37,+9.910000E+37,         0,+9.910000E+37
+3.176000E+00,+9.883140E-02,+9.910000E+37,+1.757178E+00,      4288,+3.176000E+00,+9.910000E+37,+9.910000E+37,+9.910000E+37,+9.910000E+37,         0,+9.910000E+37
+3.184000E+00,+9.934480E-02,+9.910000E+37,+1.761303E+00,      4288,+3.184000E+00,+9.910000E+37,+9.910000E+37,+9.910000E+37,+9.910000E+37,         0,+9.910000E+37
+3.192000E+00,+9.979590E-02,+9.910000E+37,+1.765435E+00,      4288,+3.192000E+00,+9.910000E+37,+9.910000E+37,+9.910000E+37,+9.910000E+37,         0,+9.910000E+37
+3.199980E+00,+1.024456E-01,+9.910000E+37,+1.769574E+00,      4288,+3.200000E+00,+9.910000E+37,+9.910000E+37,+9.910000E+37,+9.910000E+37,         0,+9.910000E+37
+3.208000E+00,+1.028854E-01,+9.910000E+37,+1.773715E+00,      4288,+3.208000E+00,+9.910000E+37,+9.910000E+37,+9.910000E+37,+9.910000E+37,         0,+9.910000E+37
+3.216000E+00,+1.034953E-01,+9.910000E+37,+1.777847E+00,      4288,+3.216000E+00,+9.910000E+37,+9.910000E+37,+9.910000E+37,+9.910000E+37,         0,+9.910000E+37
+3.224010E+00,+1.030875E-01,+9.910000E+37,+1.782058E+00,      4288,+3.224000E+00,+9.910000E+37,+9.910000E+37,+9.910000E+37,+9.910000E+37,         0,+9.910000E+37
+3.232000E+00,+1.041625E-01,+9.910000E+37,+1.786199E+00,      4288,+3.232000E+00,+9.910000E+37,+9.910000E+37,+9.910000E+37,+9.910000E+37,         0,+9.910000E+37
+3.240000E+00,+1.043823E-01,+9.910000E+37,+1.790320E+00,      4288,+3.240000E+00,+9.910000E+37,+9.910000E+37,+9.910000E+37,+9.910000E+37,         0,+9.910000E+37
+3.247990E+00,+1.046318E-01,+9.910000E+37,+1.794547E+00,      4288,+3.248000E+00,+9.910000E+37,+9.910000E+37,+9.910000E+37,+9.910000E+37,         0,+9.910000E+37
+3.256000E+00,+1.048260E-01,+9.910000E+37,+1.807778E+00,      4800,+3.256000E+00,+9.910000E+37,+9.910000E+37,+9.910000E+37,+9.910000E+37,         0,+9.910000E+37
+3.264000E+00,+1.050840E-01,+9.910000E+37,+1.811889E+00,      4800,+3.264000E+00,+9.910000E+37,+9.910000E+37,+9.910000E+37,+9.910000E+37,         0,+9.910000E+37
+3.272000E+00,+1.054580E-01,+9.910000E+37,+1.815984E+00,      4800,+3.272000E+00,+9.910000E+37,+9.910000E+37,+9.910000E+37,+9.910000E+37,         0,+9.910000E+37
+3.280000E+00,+1.058690E-01,+9.910000E+37,+1.820088E+00,      4800,+3.280000E+00,+9.910000E+37,+9.910000E+37,+9.910000E+37,+9.910000E+37,         0,+9.910000E+37
+3.288000E+00,+1.064330E-01,+9.910000E+37,+1.824190E+00,      4800,+3.288000E+00,+9.910000E+37,+9.910000E+37,+9.910000E+37,+9.910000E+37,         0,+9.910000E+37
+3.296000E+00,+1.069000E-01,+9.910000E+37,+1.828287E+00,      4800,+3.296000E+00,+9.910000E+37,+9.910000E+37,+9.910000E+37,+9.910000E+37,         0,+9.910000E+37
+3.304000E+00,+1.073350E-01,+9.910000E+37,+1.832386E+00,      4800,+3.304000E+00,+9.910000E+37,+9.910000E+37,+9.910000E+37,+9.910000E+37,         0,+9.910000E+37
+3.312000E+00,+1.076420E-01,+9.910000E+37,+1.836478E+00,      4800,+3.312000E+00,+9.910000E+37,+9.910000E+37,+9.910000E+37,+9.910000E+37,         0,+9.910000E+37
+3.320000E+00,+1.080580E-01,+9.910000E+37,+1.840593E+00,      4800,+3.320000E+00,+9.910000E+37,+9.910000E+37,+9.910000E+37,+9.910000E+37,         0,+9.910000E+37
+3.328000E+00,+1.083010E-01,+9.910000E+37,+1.844707E+00,      4800,+3.328000E+00,+9.910000E+37,+9.910000E+37,+9.910000E+37,+9.910000E+37,         0,+9.910000E+37
+3.336000E+00,+1.085140E-01,+9.910000E+37,+1.848813E+00,      4800,+3.336000E+00,+9.910000E+37,+9.910000E+37,+9.910000E+37,+9.910000E+37,         0,+9.910000E+37
+3.344000E+00,+1.089230E-01,+9.910000E+37,+1.852919E+00,      4800,+3.344000E+00,+9.910000E+37,+9.910000E+37,+9.910000E+37,+9.910000E+37,         0,+9.910000E+37
+3.352000E+00,+1.095730E-01,+9.910000E+37,+1.857015E+00,      4800,+3.352000E+00,+9.910000E+37,+9.910000E+37,+9.910000E+37,+9.910000E+37,         0,+9.910000E+37
+3.360000E+00,+1.102330E-01,+9.910000E+37,+1.861110E+00,      4800,+3.360000E+00,+9.910000E+37,+9.910000E+37,+9.910000E+37,+9.910000E+37,         0,+9.910000E+37
+3.367990E+00,+1.107060E-01,+9.910000E+37,+1.865211E+00,      4800,+3.368000E+00,+9.910000E+37,+9.910000E+37,+9.910000E+37,+9.910000E+37,         0,+9.910000E+37
+3.376000E+00,+1.108830E-01,+9.910000E+37,+1.869314E+00,      4800,+3.376000E+00,+9.910000E+37,+9.910000E+37,+9.910000E+37,+9.910000E+37,         0,+9.910000E+37
+3.384000E+00,+1.111720E-01,+9.910000E+37,+1.873407E+00,      4800,+3.384000E+00,+9.910000E+37,+9.910000E+37,+9.910000E+37,+9.910000E+37,         0,+9.910000E+37
+3.392000E+00,+1.115670E-01,+9.910000E+37,+1.877514E+00,      4800,+3.392000E+00,+9.910000E+37,+9.910000E+37,+9.910000E+37,+9.910000E+37,         0,+9.910000E+37
+3.400000E+00,+1.120490E-01,+9.910000E+37,+1.881691E+00,      4800,+3.400000E+00,+9.910000E+37,+9.910000E+37,+9.910000E+37,+9.910000E+37,         0,+9.910000E+37
+3.408000E+00,+1.126380E-01,+9.910000E+37,+1.885805E+00,      4800,+3.408000E+00,+9.910000E+37,+9.910000E+37,+9.910000E+37,+9.910000E+37,         0,+9.910000E+37
+3.416000E+00,+1.130800E-01,+9.910000E+37,+1.889903E+00,      4800,+3.416000E+00,+9.910000E+37,+9.910000E+37,+9.910000E+37,+9.910000E+37,         0,+9.910000E+37
+3.424000E+00,+1.135890E-01,+9.910000E+37,+1.893994E+00,      4800,+3.424000E+00,+9.910000E+37,+9.910000E+37,+9.910000E+37,+9.910000E+37,         0,+9.910000E+37
+3.432000E+00,+1.137790E-01,+9.910000E+37,+1.898105E+00,      4800,+3.432000E+00,+9.910000E+37,+9.910000E+37,+9.910000E+37,+9.910000E+37,         0,+9.910000E+37
+3.440000E+00,+1.139650E-01,+9.910000E+37,+1.902207E+00,      4800,+3.440000E+00,+9.910000E+37,+9.910000E+37,+9.910000E+37,+9.910000E+37,         0,+9.910000E+37
+3.448000E+00,+1.179470E-01,+9.910000E+37,+1.906309E+00,      4800,+3.448000E+00,+9.910000E+37,+9.910000E+37,+9.910000E+37,+9.910000E+37,         0,+9.910000E+37
+3.456000E+00,+1.179860E-01,+9.910000E+37,+1.910483E+00,      4800,+3.456000E+00,+9.910000E+37,+9.910000E+37,+9.910000E+37,+9.910000E+37,         0,+9.910000E+37
+3.464000E+00,+1.180990E-01,+9.910000E+37,+1.914591E+00,      4800,+3.464000E+00,+9.910000E+37,+9.910000E+37,+9.910000E+37,+9.910000E+37,         0,+9.910000E+37
+3.472000E+00,+1.183880E-01,+9.910000E+37,+1.918696E+00,      4800,+3.472000E+00,+9.910000E+37,+9.910000E+37,+9.910000E+37,+9.910000E+37,         0,+9.910000E+37
+3.480000E+00,+1.186010E-01,+9.910000E+37,+1.922793E+00,      4800,+3.480000E+00,+9.910000E+37,+9.910000E+37,+9.910000E+37,+9.910000E+37,         0,+9.910000E+37
+3.488000E+00,+1.189650E-01,+9.910000E+37,+1.926908E+00,      4800,+3.488000E+00,+9.910000E+37,+9.910000E+37,+9.910000E+37,+9.910000E+37,         0,+9.910000E+37
+3.496000E+00,+1.194290E-01,+9.910000E+37,+1.931065E+00,      4800,+3.496000E+00,+9.910000E+37,+9.910000E+37,+9.910000E+37,+9.910000E+37,         0,+9.910000E+37
+3.504000E+00,+1.196560E-01,+9.910000E+37,+1.935168E+00,      4800,+3.504000E+00,+9.910000E+37,+9.910000E+37,+9.910000E+37,+9.910000E+37,         0,+9.910000E+37
+3.512000E+00,+1.201950E-01,+9.910000E+37,+1.939262E+00,      4800,+3.512000E+00,+9.910000E+37,+9.910000E+37,+9.910000E+37,+9.910000E+37,         0,+9.910000E+37
+3.520000E+00,+1.202140E-01,+9.910000E+37,+1.943360E+00,      4800,+3.520000E+00,+9.910000E+37,+9.910000E+37,+9.910000E+37,+9.910000E+37,         0,+9.910000E+37
+3.528000E+00,+1.207390E-01,+9.910000E+37,+1.947459E+00,      4800,+3.528000E+00,+9.910000E+37,+9.910000E+37,+9.910000E+37,+9.910000E+37,         0,+9.910000E+37
+3.536000E+00,+1.210660E-01,+9.910000E+37,+1.951564E+00,      4800,+3.536000E+00,+9.910000E+37,+9.910000E+37,+9.910000E+37,+9.910000E+37,         0,+9.910000E+37
+3.543990E+00,+1.220950E-01,+9.910000E+37,+1.955657E+00,      4800,+3.544000E+00,+9.910000E+37,+9.910000E+37,+9.910000E+37,+9.910000E+37,         0,+9.910000E+37
+3.552000E+00,+1.243680E-01,+9.910000E+37,+1.959759E+00,      4800,+3.552000E+00,+9.910000E+37,+9.910000E+37,+9.910000E+37,+9.910000E+37,         0,+9.910000E+37
+3.560000E+00,+1.243380E-01,+9.910000E+37,+1.963854E+00,      4800,+3.560000E+00,+9.910000E+37,+9.910000E+37,+9.910000E+37,+9.910000E+37,         0,+9.910000E+37
+3.568000E+00,+1.247890E-01,+9.910000E+37,+1.967962E+00,      4800,+3.568000E+00,+9.910000E+37,+9.910000E+37,+9.910000E+37,+9.910000E+37,         0,+9.910000E+37
+3.576000E+00,+1.250510E-01,+9.910000E+37,+1.972076E+00,      4800,+3.576000E+00,+9.910000E+37,+9.910000E+37,+9.910000E+37,+9.910000E+37,         0,+9.910000E+37
+3.584000E+00,+1.261840E-01,+9.910000E+37,+1.976181E+00,      4800,+3.584000E+00,+9.910000E+37,+9.910000E+37,+9.910000E+37,+9.910000E+37,         0,+9.910000E+37
+3.592000E+00,+1.267020E-01,+9.910000E+37,+1.980287E+00,      4800,+3.592000E+00,+9.910000E+37,+9.910000E+37,+9.910000E+37,+9.910000E+37,         0,+9.910000E+37
+3.600000E+00,+1.272220E-01,+9.910000E+37,+1.984489E+00,      4800,+3.600000E+00,+9.910000E+37,+9.910000E+37,+9.910000E+37,+9.910000E+37,         0,+9.910000E+37
+3.608000E+00,+1.276330E-01,+9.910000E+37,+1.988591E+00,      4800,+3.608000E+00,+9.910000E+37,+9.910000E+37,+9.910000E+37,+9.910000E+37,         0,+9.910000E+37
+3.616000E+00,+1.282140E-01,+9.910000E+37,+1.992687E+00,      4800,+3.616000E+00,+9.910000E+37,+9.910000E+37,+9.910000E+37,+9.910000E+37,         0,+9.910000E+37
+3.623990E+00,+1.288290E-01,+9.910000E+37,+1.996783E+00,      4800,+3.624000E+00,+9.910000E+37,+9.910000E+37,+9.910000E+37,+9.910000E+37,         0,+9.910000E+37
+3.632000E+00,+1.292330E-01,+9.910000E+37,+2.000884E+00,      4800,+3.632000E+00,+9.910000E+37,+9.910000E+37,+9.910000E+37,+9.910000E+37,         0,+9.910000E+37
+3.640000E+00,+1.294640E-01,+9.910000E+37,+2.004987E+00,      4800,+3.640000E+00,+9.910000E+37,+9.910000E+37,+9.910000E+37,+9.910000E+37,         0,+9.910000E+37
+3.648000E+00,+1.345680E-01,+9.910000E+37,+2.009108E+00,      4800,+3.648000E+00,+9.910000E+37,+9.910000E+37,+9.910000E+37,+9.910000E+37,         0,+9.910000E+37
+3.656000E+00,+1.355840E-01,+9.910000E+37,+2.013221E+00,      4800,+3.656000E+00,+9.910000E+37,+9.910000E+37,+9.910000E+37,+9.910000E+37,         0,+9.910000E+37
+3.664000E+00,+1.357960E-01,+9.910000E+37,+2.017321E+00,      4800,+3.664000E+00,+9.910000E+37,+9.910000E+37,+9.910000E+37,+9.910000E+37,         0,+9.910000E+37
+3.672000E+00,+1.359640E-01,+9.910000E+37,+2.021419E+00,      4800,+3.672000E+00,+9.910000E+37,+9.910000E+37,+9.910000E+37,+9.910000E+37,         0,+9.910000E+37
+3.680000E+00,+1.363690E-01,+9.910000E+37,+2.025517E+00,      4800,+3.680000E+00,+9.910000E+37,+9.910000E+37,+9.910000E+37,+9.910000E+37,         0,+9.910000E+37
+3.688000E+00,+1.372510E-01,+9.910000E+37,+2.029616E+00,      4800,+3.688000E+00,+9.910000E+37,+9.910000E+37,+9.910000E+37,+9.910000E+37,         0,+9.910000E+37
+3.696000E+00,+1.382550E-01,+9.910000E+37,+2.033825E+00,      4800,+3.696000E+00,+9.910000E+37,+9.910000E+37,+9.910000E+37,+9.910000E+37,         0,+9.910000E+37
+3.704000E+00,+1.381920E-01,+9.910000E+37,+2.037928E+00,      4800,+3.704000E+00,+9.910000E+37,+9.910000E+37,+9.910000E+37,+9.910000E+37,         0,+9.910000E+37
+3.712000E+00,+1.382810E-01,+9.910000E+37,+2.042024E+00,      4800,+3.712000E+00,+9.910000E+37,+9.910000E+37,+9.910000E+37,+9.910000E+37,         0,+9.910000E+37
+3.720000E+00,+1.384980E-01,+9.910000E+37,+2.046131E+00,      4800,+3.720000E+00,+9.910000E+37,+9.910000E+37,+9.910000E+37,+9.910000E+37,         0,+9.910000E+37
+3.728000E+00,+1.391690E-01,+9.910000E+37,+2.050244E+00,      4800,+3.728000E+00,+9.910000E+37,+9.910000E+37,+9.910000E+37,+9.910000E+37,         0,+9.910000E+37
+3.736000E+00,+1.391670E-01,+9.910000E+37,+2.054348E+00,      4800,+3.736000E+00,+9.910000E+37,+9.910000E+37,+9.910000E+37,+9.910000E+37,         0,+9.910000E+37
+3.744000E+00,+1.397190E-01,+9.910000E+37,+2.058456E+00,      4800,+3.744000E+00,+9.910000E+37,+9.910000E+37,+9.910000E+37,+9.910000E+37,         0,+9.910000E+37
+3.752000E+00,+1.399710E-01,+9.910000E+37,+2.062561E+00,      4800,+3.752000E+00,+9.910000E+37,+9.910000E+37,+9.910000E+37,+9.910000E+37,         0,+9.910000E+37
+3.760000E+00,+1.404620E-01,+9.910000E+37,+2.066664E+00,      4800,+3.760000E+00,+9.910000E+37,+9.910000E+37,+9.910000E+37,+9.910000E+37,         0,+9.910000E+37
+3.768000E+00,+1.407740E-01,+9.910000E+37,+2.070760E+00,      4800,+3.768000E+00,+9.910000E+37,+9.910000E+37,+9.910000E+37,+9.910000E+37,         0,+9.910000E+37
+3.776000E+00,+1.412030E-01,+9.910000E+37,+2.074858E+00,      4800,+3.776000E+00,+9.910000E+37,+9.910000E+37,+9.910000E+37,+9.910000E+37,         0,+9.910000E+37
+3.784000E+00,+1.412420E-01,+9.910000E+37,+2.079041E+00,      4800,+3.784000E+00,+9.910000E+37,+9.910000E+37,+9.910000E+37,+9.910000E+37,         0,+9.910000E+37
+3.792000E+00,+1.415420E-01,+9.910000E+37,+2.083177E+00,      4800,+3.792000E+00,+9.910000E+37,+9.910000E+37,+9.910000E+37,+9.910000E+37,         0,+9.910000E+37
+3.800000E+00,+1.424640E-01,+9.910000E+37,+2.087284E+00,      4800,+3.800000E+00,+9.910000E+37,+9.910000E+37,+9.910000E+37,+9.910000E+37,         0,+9.910000E+37
+3.807990E+00,+1.441430E-01,+9.910000E+37,+2.091394E+00,      4800,+3.808000E+00,+9.910000E+37,+9.910000E+37,+9.910000E+37,+9.910000E+37,         0,+9.910000E+37
+3.816000E+00,+1.468600E-01,+9.910000E+37,+2.095512E+00,      4800,+3.816000E+00,+9.910000E+37,+9.910000E+37,+9.910000E+37,+9.910000E+37,         0,+9.910000E+37
+3.824000E+00,+1.472170E-01,+9.910000E+37,+2.099710E+00,      4800,+3.824000E+00,+9.910000E+37,+9.910000E+37,+9.910000E+37,+9.910000E+37,         0,+9.910000E+37
+3.832000E+00,+1.473850E-01,+9.910000E+37,+2.103821E+00,      4800,+3.832000E+00,+9.910000E+37,+9.910000E+37,+9.910000E+37,+9.910000E+37,         0,+9.910000E+37
+3.840000E+00,+1.478490E-01,+9.910000E+37,+2.107924E+00,      4800,+3.840000E+00,+9.910000E+37,+9.910000E+37,+9.910000E+37,+9.910000E+37,         0,+9.910000E+37
+3.848000E+00,+1.481140E-01,+9.910000E+37,+2.112023E+00,      4800,+3.848000E+00,+9.910000E+37,+9.910000E+37,+9.910000E+37,+9.910000E+37,         0,+9.910000E+37
+3.856000E+00,+1.471310E-01,+9.910000E+37,+2.116120E+00,      4800,+3.856000E+00,+9.910000E+37,+9.910000E+37,+9.910000E+37,+9.910000E+37,         0,+9.910000E+37
+3.864000E+00,+1.492510E-01,+9.910000E+37,+2.120221E+00,      4800,+3.864000E+00,+9.910000E+37,+9.910000E+37,+9.910000E+37,+9.910000E+37,         0,+9.910000E+37
+3.872000E+00,+1.489380E-01,+9.910000E+37,+2.124316E+00,      4800,+3.872000E+00,+9.910000E+37,+9.910000E+37,+9.910000E+37,+9.910000E+37,         0,+9.910000E+37
+3.880000E+00,+1.496050E-01,+9.910000E+37,+2.128415E+00,      4800,+3.880000E+00,+9.910000E+37,+9.910000E+37,+9.910000E+37,+9.910000E+37,         0,+9.910000E+37
+3.888000E+00,+1.505130E-01,+9.910000E+37,+2.132533E+00,      4800,+3.888000E+00,+9.910000E+37,+9.910000E+37,+9.910000E+37,+9.910000E+37,         0,+9.910000E+37
+3.896000E+00,+1.503420E-01,+9.910000E+37,+2.136638E+00,      4800,+3.896000E+00,+9.910000E+37,+9.910000E+37,+9.910000E+37,+9.910000E+37,         0,+9.910000E+37
+3.904000E+00,+1.505960E-01,+9.910000E+37,+2.140740E+00,      4800,+3.904000E+00,+9.910000E+37,+9.910000E+37,+9.910000E+37,+9.910000E+37,         0,+9.910000E+37
+3.912000E+00,+1.512880E-01,+9.910000E+37,+2.144849E+00,      4800,+3.912000E+00,+9.910000E+37,+9.910000E+37,+9.910000E+37,+9.910000E+37,         0,+9.910000E+37
+3.920000E+00,+1.514640E-01,+9.910000E+37,+2.148945E+00,      4800,+3.920000E+00,+9.910000E+37,+9.910000E+37,+9.910000E+37,+9.910000E+37,         0,+9.910000E+37
+3.928000E+00,+1.514240E-01,+9.910000E+37,+2.153046E+00,      4800,+3.928000E+00,+9.910000E+37,+9.910000E+37,+9.910000E+37,+9.910000E+37,         0,+9.910000E+37
+3.936000E+00,+1.519000E-01,+9.910000E+37,+2.157147E+00,      4800,+3.936000E+00,+9.910000E+37,+9.910000E+37,+9.910000E+37,+9.910000E+37,         0,+9.910000E+37
+3.944000E+00,+1.526540E-01,+9.910000E+37,+2.161242E+00,      4800,+3.944000E+00,+9.910000E+37,+9.910000E+37,+9.910000E+37,+9.910000E+37,         0,+9.910000E+37
+3.952000E+00,+1.538360E-01,+9.910000E+37,+2.165347E+00,      4800,+3.952000E+00,+9.910000E+37,+9.910000E+37,+9.910000E+37,+9.910000E+37,         0,+9.910000E+37
+3.960000E+00,+1.593970E-01,+9.910000E+37,+2.169445E+00,      4800,+3.960000E+00,+9.910000E+37,+9.910000E+37,+9.910000E+37,+9.910000E+37,         0,+9.910000E+37
+3.968000E+00,+1.591840E-01,+9.910000E+37,+2.173538E+00,      4800,+3.968000E+00,+9.910000E+37,+9.910000E+37,+9.910000E+37,+9.910000E+37,         0,+9.910000E+37
+3.976000E+00,+1.593290E-01,+9.910000E+37,+2.177647E+00,      4800,+3.976000E+00,+9.910000E+37,+9.910000E+37,+9.910000E+37,+9.910000E+37,         0,+9.910000E+37
+3.984000E+00,+1.590910E-01,+9.910000E+37,+2.204419E+00,      4800,+3.984000E+00,+9.910000E+37,+9.910000E+37,+9.910000E+37,+9.910000E+37,         0,+9.910000E+37
+3.992000E+00,+1.596140E-01,+9.910000E+37,+2.258119E+00,      4800,+3.992000E+00,+9.910000E+37,+9.910000E+37,+9.910000E+37,+9.910000E+37,         0,+9.910000E+37
+4.000000E+00,+1.593120E-01,+9.910000E+37,+2.271792E+00,      4800,+4.000000E+00,+9.910000E+37,+9.910000E+37,+9.910000E+37,+9.910000E+37,         0,+9.910000E+37
